Title,Cast
Dick Johnson Is Dead,"Michael Hilow, Ana Hoffman, Dick Johnson"
Jailbirds New Orleans,
"Vendetta: Truth, Lies and The Mafia",
Crime Stories: India Detectives,"N. Shashi Kumar, B.N. Lohith, V. Dhananjaya"
Europe's Most Dangerous Man: Otto Skorzeny in Spain,
Monsters Inside: The 24 Faces of Billy Milligan,"Kathy Preston, Bob Ruth, Sheila Porter"
My Heroes Were Cowboys,"Kate Wiltshire, Patrick Wiltshire, Robin Wiltshire"
Raja Rasoi Aur Anya Kahaniyan,
Stories by Rabindranath Tagore,"Bhanu Uday, Atul Srivastava, Radhika Apte"
The World's Most Amazing Vacation Rentals,"Megan Batoon, Luis D. Ortiz, Jo Franco"
The Women and the Murderer,"Anne Gautier, Hélène Frinking, Agnès Nijkamp"
Untold: Breaking Point,"Mardy Fish, Kevin O'Connor, Tom Fish"
Countdown: Inspiration4 Mission to Space,"Jared Isaacman, Hayley Arceneaux, Sian Proctor"
Money Heist: From Tokyo to Berlin,"Jesús Colmenar, Rodrigo de la Serna, Pedro Alonso"
Final Account,
Luv Kushh,
Pororo - The Little Penguin,"Sun Lee, Ham Soo-Jeong, So-yeong Hong"
How to Be a Cowboy,Dale Brisby
Turning Point: 9/11 and the War on Terror,"Mark Fallon, James LaPorta, Michel Paradis"
Untold: Crime & Penalties,
Titletown High,"Jake Garcia, Lenley Gross, Morgan Miller"
John of God: The Crimes of a Spiritual Healer,"Andrea Mannelli, Rejane Araújo, Jardel Wagner"
Motel Makeover,Maggie Mae Fish
The River Runner,
Count Me In,"Ginger Baker, Cindy Blackman, Art Blakey"
Oggy Oggy,
Untold: Caitlyn Jenner,"Caitlyn Jenner, Esther Jenner, Chrystie Scott"
Comedy Premium League,"Prajakta Koli, Prashasti Singh, Samay Raina"
Memories of a Murderer: The Nilsen Tapes,"Douglas Bence, Bob Brenton, Mike Cattran"
Untold: Deal With the Devil,"Christy Martin, Joyce Salters, Johnny Salters"
Mother Goose Club,"Joseph Lopez, Liam Remick, Ivy Rhodes"
The Creative Indians,"Nawazuddin Siddiqui, The Viral Fever, Sumer Verma"
Bake Squad,"Christina Tosi, Ashley Holt, Maya-Camille Broussard"
Misha and the Wolves,"Misha Defonseca, Karen Schulman, Jane Daniel"
Untold: Malice at the Palace,"Jermaine O'Neal, Stephen Jackson, Metta World Peace"
City of God: 10 Years Later,"Alexandre Rodrigues, Leandro Firmino, Roberta Rodrigues"
Cocaine Cowboys: The Kings of Miami,"Alexia Nepola, Pedro Rosello, Ralph Linero"
Pray Away,"Yvette Cantu Schneider, Michael Bussee, John Paulk"
Top Secret UFO Projects: Declassified,"Richard Dolan, Stephen Bassett, Michael Salla"
Glow Up,"Josue Charles, Kim Garcia, Drysline"
Khawatir,Ahmad Al Shugairi
Myth & Mogul: John DeLorean,"Nicholas Tucci, Justin Andrew Davis, Sadie Scott"
Fantastic Fungi,"Brie Larson, Andrew Weil, Giuliana Furci"
Tattoo Redo,"Jessimae Peluso, Matt Beckerich, Tommy Montoya"
The Movies That Made Us,"Danny Wallace, Donald Ian Black, Jennifer Julian"
9to5: The Story of a Movement,"Rosalinda Aguirre, Verna Barksdale, Laurie Brown"
Sexy Beasts,Chris Serico
Explained,"Jair Bolsonaro, Bill Gates, Narendra Modi"
Naomi Osaka,"Naomi Osaka, Leonard François, Tamaki Osaka"
Lift Like a Girl,
This Changes Everything,"Reese Witherspoon, Mira Nair, Shonda Rhimes"
Heist,"Gene Hackman, Rebecca Pidgeon, Danny DeVito"
My Unorthodox Life,"Julia Haart, Batsheva Haart, Shlomo Hendler"
Born to Play,Brian Sweeney
Elize Matsunaga: Once Upon a Crime,"Stephanie Sherry, Thaís Nunes, Osvaldo Luiz Figueira"
Awon Boyz,
Cat People,"Simone Simon, Tom Conway, Kent Smith"
Dogs,"Dragos Bucur, Gheorghe Visu, Vlad Ivanov"
Chelsea,"Donald Ian Black, Janel Coburn, Roxy Evensen"
I AM A KILLER,"Swaylee Loughnane, Reece Alexander-Putinas, David Galea"
Larva,"Vincent Ventresca, Rachel Hunter, William Forsythe"
Big Timber,"Roddy McDowall, Jeff Donnell, Lyn Thomas"
Audible,Amaree McKenstry-Hall
Droppin' Cash: Los Angeles,"Normani, Alfredo Flores, Toni Romiti"
Sophie: A Murder in West Cork,"Ian Bailey, Barry Roche, Eugene Gilligan"
Sisters on Track,"Brooke Sheppard, Tai Sheppard, Rainn Sheppard"
Murder by the Coast,
This Is Pop,"Barry Andrews, Clem Burke, Terry Chambers"
Cleo & Cuquin,"Marleen Lohse, Jeremy Mockridge, Max Mauff"
Penguin Town,Patton Oswalt
The Reason I Jump,"Donna Budway, Emma Budway, Jeremy Dear"
Picture a Scientist,"Mahzarin Banaji, Raychelle Burks, Kathryn Clancy"
Trese After Dark,"Yvette Tan, Atom Araullo, Jay Oliva"
"Fresh, Fried & Crispy","Daym Drops, Nick Chiodini, Chef Bear"
Fireplace 4K: Classic Crackling Fireplace from Fireplace for Your Home,
Fireplace 4K: Crackling Birchwood from Fireplace for Your Home,
Human: The World Within,"Mandy Harvey, Jad Abumrad"
From Stress to Happiness,"Matthieu Ricard, Tania Singer, David Steindl-Rast"
Black Holes | The Edge of All We Know,
Cocomelon,"Ava Madison Gray, Kristen Princiotta, Alice Cho"
The Least Expected Day: Inside the Movistar Team 2019,
High on the Hog: How African American Cuisine Transformed America,"Stephen Satterfield, Jessica B. Harris, Adrian Miller"
Nail Bomber: Manhunt,"David Copeland, Arthur, Talent Chioma Mundy-Castle"
99 Songs (Tamil),
99 Songs (Telugu),
Creating an Army of the Dead,"Julie Berghoff, Wesley Coller, Garret Dillahunt"
Hating Peter Tatchell,"Ian McKellen, Stephen Fry, Peter Tatchell"
The Last Days,"Quim Gutiérrez, Jose Coronado, Marta Etura"
Alma Matters,Morrissey
Haunted,"Aidan Quinn, Kate Beckinsale, Anthony Andrews"
"Money, Explained","Hal Hershfield, Maria Konnikova, Marcia Gay Harden"
In Our Mothers' Gardens,"Tarana Burke, Tina Farris, Shantrelle P. Lewis"
Sab Jholmaal Hai,"Dolly Lopes, Mubeen Saudagar"
The Sons of Sam: A Descent into Darkness,"Paul Giamatti, Charlie Ott, Phil Amicone"
Angelina Ballerina,"Finty Williams, Judi Dench, Jo Wyatt"
Miniforce: Super Dino Power,
Pet Stars,"Colleen Wilson, Melissa May Curtis, Shai Lighter"
Keymon and Nani in Space Adventure,"Brian Dcosta, Usha Uthup"
Free to Play,"Benedict Lim, Clinton Loomis, Danil Ishutin"
Dancing Angels,"Keisha, Randy Spears, Lois Ayres, Jon Dough"
Ajaibnya Cinta,
Indian Matchmaking,"Sima Taparia, Viral Joshi, Akshay Jakhete"
Jeffrey Epstein: Filthy Rich,"Michael Reiter, Annie Farmer, Shawna Rivera"
Unnatural Selection,"René Mena, Julianna Barninger, Stephen Ford"
Why Did You Kill Me?,"Belinda Lane, Justin Theobald, Jaimie"
My Love: Six Stories of True Love,"Ren Hanami, Susana Ballesteros, Dee Riete"
Shiva VS Autobots,
Shiva: Journey to Plunotaria,
Shiva: The Secret World Of Vedas City,
The Big Day,"Julianna Margulies, Ivan Sergei, Nancy Banks"
The Wedding Coach,"Jamie Lee, Fortune Feimster, Jon Gabrus"
This Is a Robbery: The World's Biggest Art Heist,
Coded Bias,"Joy Buolamwini, Meredith Broussard, Cathy O'Neil"
Glimpses of a Future,"Caroline Hatem, Sina Saberi, Reem Naamani"
Ibrahim a Fate to Define,
Magical Andes,
Worn Stories,"Timmy Cappello, Simon Doonan, Emily Spivack"
Haunted: Latin America,"Laura Tovar, Cristal Aparicio, Pablo Guisa Koestinger"
Marked,"Tara Carroll, Samuel Child, Mark Colson"
Elizabeth and Margaret: Love and Loyalty,"Queen Elizabeth II, Princess Margaret, Christopher Warwick"
Pui Pui Molcar,"Tomoki Misato, Mizuho Misato"
Seaspiracy,"Ali Tabrizi, Richard O'Barry, Lucy Tabrizi"
Formula 1: Drive to Survive,"Will Buxton, Jack Nicholls, Daniel Ricciardo"
Under Suspicion: Uncovering the Wesphael Case,"Nadine Pirotton, Bernard Sohet, Bernard Wesphael"
The Last Blockbuster,"Lauren Lapkus, Tom Casey, Kevin Smith"
Last Chance U: Basketball,"Dezmond Washington, John Mosley, Kenneth Hunter"
Marriage or Mortgage,"Elliot Schiff, Goria Cunningham, Brittany Williams"
Nevenka: Breaking the Silence,Nevenka Fernández
Murder Among the Mormons,"Dorie Hofmann Olds, Shannon Flynn, Brent Metcalfe"
Made You Look: A True Story About Fake Art,"Ann Freedman, M.H. Miller, Perry Amsellem"
Pelé,"Pelé, Muhammad Ali, Amarildo"
Zindagi in Short,
Perú: Tesoro escondido,Nase Sumpinanch
The Most Unknown,"Jennifer L. Macalady, Davide D'Angelo, Axel Cleeremans"
Buried by the Bernards,"Deja Bernard, Debbie Bernard, Kevin Miller"
Crime Scene: The Vanishing at the Cecil Hotel,"Greg Kading, Josh Dean"
Five Came Back: The Reference Films,
"Strip Down, Rise Up","Keith Ballinger, Amy Bond, Jenyne Butterfly"
Zig & Sharko,"John Leguizamo, Natasha Lyonne, Wesley Snipes"
We Are: The Brooklyn Saints,
Blown Away,"Jeff Bridges, Tommy Lee Jones, Suzy Amis"
Spycraft,"Mehzeb Chowdhury, Matt Dormer, Mo Hafeez, Pénélope Hervouet"
Bling Empire,"Kevin Kreider, Christine Chiu, Kelly Mi Li"
Night Stalker: The Hunt for a Serial Killer,"Paul Skolnick, Gil Carrillo, Frank Salerno"
"Crack: Cocaine, Corruption & Conspiracy","Elizabeth Hinton, Nelson George, Alan Charles"
Creating The Queen's Gambit,"Gabriele Binder, Thomas Brodie-Sangster, Bill Camp"
Surviving Death,
QB1: Beyond the Lights,"Tayvon Bowers, Jake Fromm, Tate Martell"
Dream Home Makeover,"Shea McGee, Syd McGee"
The Minimalists: Less Is Now,"Joshua Fields Millburn, Ryan Nicodemus, Dave Ramsey"
SanPa: Sins of the Savior,"Vincenzo Andreucci, Antonio Boschini, Fabio Cantelli"
Regiment Diaries,
Morphle,"Sabrina Glow, Arthur van Merwijk, Cassie Glow"
BREAK IT ALL: The History of Rock in Latin America,"Gustavo Santaolalla, Rubén Albarrán, Javier Batiz"
How To Ruin Christmas,"Thando Thabethe, Dippy Padi, Saint Seseli"
The Ripper,"Patrick Bergin, Gabrielle Anwar, Samuel West"
Canvas,"Robert Hughes, John Berger, Michael Ayrton"
The Surgeon's Cut,Lin Gallagher
Room 2806: The Accusation,"Nafissatou Diallo, Raphaëlle Bacqué, Élisabeth Guigou"
Alien Worlds,Matt Klinman
The Bachelorette,"Charlotte Stokely, Jade Baker, Kira Noir, Kat Monroe"
The Holiday Movies That Made Us,
The Repair Shop,"Anthony LaPaglia, Kerry Vera Lea, Christopher McCann"
Fabulous Lives of Bollywood Wives,"Neelam Kothari, Maheep Kapoor, Bhavana Pandey"
If Anything Happens I Love You,Muneer Lyati
We Are the Champions,"Lars Bom, Camilla Bendix, Bjarne Henriksen"
Whose Streets?,"Lezley McSpadden, Michael Brown Sr., David Whitt"
The Beginning of Life 2: Outside,
Trial 4,"Sean Ellis, Rosemary Scapicchio, Edward McNelley"
We Are All For The Fatherland,
A Lion in the House,"Justin Ashcraft, Adam Ashcraft, Dale Ashcraft"
Bakugan: Armored Alliance,
Country Ever After,"Criscilla Anderson, Coffey Anderson, Elliot Schiff"
Carmel: Who Killed Maria Marta?,"Diego Molina Pico, Pablo Duggan, Rolando Barbano"
The Beginning of Life,Laura Schichvarger
60 Days In,"Ryan Secord, Dion Shepherd Jr., Zachary Holland Baker"
LEGO Jurassic World: Legend of Isla Nublar,"Ian Hanlin, Dhirendra, Britt McKillip"
Secrets of the Saqqara Tomb,"Ahmed Zikrey Abdellhak, Ghareeb Ali Mohammed Abushousha, Nabil Eldaleel"
Guillermo Vilas: Settling the Score,
Move,"Jacob Matschenz, Robert Gwisdek, Anna Brüggemann"
Bending the Arc,"Paul Farmer, Ophelia Dahl, Jim Yong Kim"
Unsolved Mysteries,Robert Stack
Rooting for Roona,
The Three Deaths of Marisela Escobedo,"Juan Manuel Fraire Escobedo, Alejandro Fraire, Blanca Escobedo"
Deaf U,"Rodney Burford, Alexa Paulay-Simmons, Cheyenna Clearbrook"
Super Monsters: Dia de los Monsters,"Nicole Anthony, Gigi Saul Guerrero"
Bad Boy Billionaires: India,Aayush Ailawadi
Pat a Pat Como,
Qurious Como,
Human Nature,"Tim Robbins, Patricia Arquette, Rhys Ifans"
I'm Leaving Now,Felipe Hernández
American Murder: The Family Next Door,"Nickole Atkinson, Jim Benemann, Luke Epple"
Bully,"Brad Renfro, Nick Stahl, Bijou Phillips"
"Whose Vote Counts, Explained","John Kasich, Carol Anderson, Alexandria Ocasio-Cortez"
A Perfect Crime,"Monte Blue, Jacqueline Logan, Stanton Heck"
Mighty Little Bheem,"Aranya Kaur, Sabina Malik Mausam, Nishka Raheja"
The Playbook,"Mick Preston, Harry Borland, Kath Gordon"
A Love Song for Latasha,"Tybie O'Bard, Shinese Harlins, Zoe Flint"
Challenger,"Karen Allen, Barry Bostwick, Julie Fulton"
Hope Frozen: A Quest to Live Twice,
Taco Chronicles,"Gustavo Arellano, Mauricio Pimentel, Reyna Mendizábal"
Get Organized with The Home Edit,"Clea Shearer, Joanna Teplin, Bobby Browning"
La Línea: Shadow of Narco,Juan Franco
My Octopus Teacher,"Craig Foster, Tom Foster"
"Waiting for ""Superman""","Charles Adams, Jonathan Alter, Robert Balfanz"
Chef's Table: BBQ,
I AM A KILLER: RELEASED,"Dale Wayne Sigler, Carole Whitworth, Forest Allen Zeltner"
Million Dollar Beach House,"Peggy Zabakolas, J.B. Andreassi, Joel Roberts"
Rising Phoenix,"Jean-Baptiste Alaize, Ryley Batt, Ellie Cole"
Baewatch: Parental Guidance,
John Was Trying to Contact Aliens,"John Shepherd, John Litrenta"
DeMarcus Family Rules,"Jay DeMarcus, Allison DeMarcus, James Otto"
High Score,"Bill Carlton, Robert Mruczek, Terry Nelson"
Islands of Faith,
Beyond the Boundary: ICC Women's T20 World Cup Australia 2020,"Harsha Bhogle, Ian Bishop, Adam Gilchrist"
(Un)Well,Jennifer Julian
Selling Sunset,"Mary Fitzgerald Bonnet, Chrishell Stause, Jason Oppenheim"
Word Party Songs,
World's Most Wanted,Jane Corbin
Immigration Nation,
The Umbrella Academy,"Elliot Page, Tom Hopper, David Castañeda"
The Speed Cubers,"Max Park, Schwan Park, Philipp Weyer"
Tread,"Marvin Heemeyer, Patrick Brower, Glenn Trainor Jr."
Sinatra: All or Nothing at All,"Nancy Sinatra, Tina Sinatra, Nancy Barbato Sinatra"
Fear City: New York vs The Mafia,"John Alite, Michael Franzese, Jim Kossler"
The Remix: Hip Hop X Fashion,"Mary J. Blige, Dapper Dan, Misa Hylton-Brim"
Street Food: Latin America,"Adin Rudd, Linda Kerr, Susana Ballesteros"
Gigantosaurus,"Dylan Schombing, Áine Sunderland, Nahanni Mitchell"
Father Soldier Son,"Brian Eisch, Isaac Eisch, Joey Eisch"
Little Singham: Legend of Dugabakka,
Skin Decision: Before and After,"Jamie Sherrill, Sheila Nazarian, Andrea Garces Lopez"
We Are One,"Afaq, Panmela Castro, Stéphane de Freitas"
Dating Around: Brazil,Dieter Truppel
The Claudia Kishi Club,"Lucia de la Garza, Mila de la Garza, Bela Salazar"
Southern Survival,
Supermarket Sweep,"Sean Gullette, Seth Gitell, Maya Nadkarni"
The Silence of Others,"María Martín, Francisco Franco, Adolf Hitler"
Trotro,"Mercy Asiedu, Matilda Biney, Agya Koo"
Homemade,"Deirdre Donnelly, Roxanna Nic Liam, Jim Norton"
Home Game,"Constance Zimmer, Ken Marino, Stefania LaVie Owen, Rob Riggle"
Seven (Tamil),
Seven (Telugu),
Athlete A,"Maggie Nichols, Gina Nichols, John Nichols"
Babies,"Bayar, Hattie, Mari"
Disclosure,"Michael Douglas, Demi Moore, Donald Sutherland"
Dating Around,"Jarry Lee, Jonathan A. Hanna, Luke Hawksworth"
Lenox Hill,"John Boockvar, David Langer, Mirtha Macri"
The Light of My Eyes,"Tamer Hosny, Menna Shalabi, Abeer Sabry"
Spelling the Dream,"Srinivas Ayyagari, Jacques Bailly, Valerie Browning"
Alone,"Jules Willcox, Marc Menchaca, Anthony Heald"
History 101,Natalie Silverman
Especial 20 años Fútbol de Primera,
Trial By Media,"Christine Lahti, Tom Skerritt, Jay Thomas"
Hangar 1: The UFO Files,"Dwight Equitz, Jan Harzan, Cornell Womack"
Hoarders,"Linda Cole, Steve Cole, Angela Hederick"
I Am Divine,"Divine, Michael Musto, Mark Payne"
A Secret Love,"Terry Donahue, Pat Henschel, Diana Bolan"
Murder to Mercy: The Cyntoia Brown Story,
"Coronavirus, Explained","Jair Bolsonaro, Bill Gates, Narendra Modi"
Circus of Books,"Karen Mason, Barry Mason, Micah Mason"
Win the Wilderness,Nicolas Tennant
ChuChu TV Nursery Rhymes & Kids Songs (Hindi),
The Innocence Files,"Peter Neufeld, Barry Scheck, Michael West"
LA Originals,"Estevan Oriol, Mister Cartoon, Snoop Dogg"
The Circle France,
Money Heist: The Phenomenon,"Úrsula Corberó, Rodrigo de la Serna, Miguel Herrán"
Sol Levante,
How to Fix a Drug Scandal,"Shannon O'Neill, Karl Kenzler, Paul Solotaroff"
Man Like Mobeen,"Tez Ilyas, Guz Khan, Nimisha Odedra, Aleena Shafaq"
Mighty Raju Rio Calling,
Sunderland 'Til I Die,"Sunderland F.C., Aiden McGeady, Nick Barnes"
Dave Chappelle: The Kennedy Center Mark Twain Prize for American Humor,"Dave Chappelle, Mohammed Amer, Aziz Ansari"
Making Unorthodox,"Silke Fischer, Harvey Friedman, Shira Haas"
Crip Camp: A Disability Revolution,
A Life of Speed: The Juan Manuel Fangio Story,"Jackie Stewart, Toto Wolff, Fernando Alonso"
"Tiger King: Murder, Mayhem and Madness",
XV: Beyond the Tryline,
Ken Burns Presents: College Behind Bars: A Film by Lynn Novick and Produced by Sarah Botstein,
Dirty Money,"Freddy Deane, Timothy Patrick Cavanaugh, Biff Yeager"
Sitara: Let Girls Dream,
ZZ TOP: THAT LITTLE OL' BAND FROM TEXAS,"Billy Gibbons, Dusty Hill, Frank Beard"
The Trials of Gabriel Fernandez,"William Guirola, Wyatt Hinz, Alfredo Tavares"
Passion. Panache. Pep,
Untamed Romania,"Victor Rebengiuc, Mark Strong"
ROAD TO ROMA,"Yalitza Aparicio, Odín Ayala, Eugenio Caballero"
Who Killed Malcolm X?,"Abdur-Rahman Muhammad, Muhammad A. Aziz, Zak A. Kondo"
The Pharmacist,"Katja Riemann, Jürgen Vogel, Richy Müller"
Pop Team Epic,"Yukari Tamura, Yui Horie, Sôichirô Hoshi"
Find Yourself,"Canna CDK, Grim Singmuf, Jay Prophet"
Pandemic: How to Prevent an Outbreak,"Syra Madad, Jake Glanville, Sarah Ives"
Tiny House Nation,
Cheer,"Kathryn Grayson, Gene Kelly, Mary Astor"
Border Security: America's Front Line,Jeff Cole
"Nisman: The Prosecutor, the President, and the Spy",
Kevin Hart: Don’t F**k This Up,
After the Raid,
Don't F**k with Cats: Hunting an Internet Killer,"Deanna Thompson, John Green, Claudette Hamlin"
Okafor's Law,"Toyin Abraham, Halimar Abubakar, Olu Adedeji"
The Confession Killer,"Bob Prince, Nan Cuba, Hugh Aynesworth"
Iron Fists and Kung-Fu Kicks,"Jessica Henwick, Scott Adkins, Cynthia Rothrock"
Lugar de Mulher,"Carol Baldin, Andressa Isola, Glória Maria, Maria da Glória Peixoto Muller"
What the F* Is Going On?,
Narcoworld: Dope Stories,
Who Killed Little Gregory?,
Iron Sky: The Coming Race,"Lara Rossi, Vladimir Burlakov, Kit Dale"
The Toys That Made Us,"Donald Ian Black, Kirk Bozigian, Mark Bellomo"
To Be of Service,"Brittany Barry, Phil Bauer, Jon Bowersox"
Greatest Events of WWII in Colour,"Derek Jacobi, Geoffrey Wawro, James Holland"
The Devil Next Door,"Remus Belu, Lynn Blackadar, Rosalyn Clayton"
Fire in Paradise,"Joy Beeson, Beth Bowersox, Abbie Davis"
The Old Thieves: The Legend of Artegios,
The Road to El Camino: Behind the Scenes of El Camino: A Breaking Bad Movie,"Charles Baker, Jonathan Banks, Melissa Bernstein"
A 3 Minute Hug,
It Takes a Lunatic,"Alec Baldwin, André Bishop, Michael Douglas"
Little Singham: Kaal Ki Tabaahi,
"ChuChu TV Kids Songs, Learning Videos & Bedtime Stories",
ChuChuTV Bedtime Stories & Moral Stories for Kids (English),
ChuChuTV Bedtime Stories & Moral Stories for Kids (Hindi),
ChuChuTV Surprise Eggs Learning Videos (English),
ChuChuTV Surprise Eggs Learning Videos (Hindi),
Interior Design Masters,"Michelle Ogundehin, Alan Carr, Fearne Cotton"
Tell Me Who I Am,"Andrew Caley, Alex Lewis, Marcus Lewis"
Ghosts of Sugar Land,"Jennifer Julian, Kc Okoro"
League of Legends Origins,"Nick Allen, Imane 'Pokimane' Anys, David Banks"
Rotten,"Thomas Speed, Jacob A. Miller, Ivana Bellarado, Kinson Theodoris"
Living Undocumented,
Salam - The First ****** Nobel Laureate,
Limitless,"Bradley Cooper, Anna Friel, Abbie Cornish"
Little Baby Bum: Go Buster,
Miniforce X,"Um Sang-Hyun, Lee So-Yeong, Jeon Tae-Yeol"
Cultivating the Seas: History and Future of the Full-Cycle Cultured Kindai Tuna,
Sturgill Simpson Presents Sound & Fury,
Birders,"Esteban Berrones, Chris Birchfield, Mark Conway"
Fastest Car,
Evelyn,"Pierce Brosnan, Julianna Margulies, Aidan Quinn"
Elena,"Nadezhda Markina, Andrey Smirnov, Aleksey Rozin"
Loo Loo Kids: Johny & Friends Musical Adventures,
Moving Art,
Million Pound Menu,
American Factory,"Junming 'Jimmy' Wang, Robert Allen, Sherrod Brown"
Happy Jail,
Hasta los dientes,
Screwball,"Frankie Diaz, Bryan Blanco, Ian Mackles"
Basketball or Nothing,
Otherhood,"Angela Bassett, Patricia Arquette, Felicity Huffman"
The Great Hack,"Brittany Kaiser, David Carroll, Paul-Olivier Dehaye"
The Milk System,Karim Cherif
Parchís: the Documentary,"Eva Mariol, Imma Cabecerans, Joaquín Oristrell"
"River, el más grande siempre","Pablo Aimar, Beto Alonso, Antonio Alzamendi"
Cristina,"Bruce Franklin, Cristina Weigmann"
War Against Women,
Dope,"Shameik Moore, Tony Revolori, Kiersey Clemons"
Exhibit A,"Bradley Cole, Brittany Ashworth, Angela Forrest"
Motown Magic,"Avia Fields, Marissa Buccianti, Monie Mon"
Unbroken,"Jack O'Connell, Miyavi, Domhnall Gleeson"
Girls Incarcerated,
The Casketeers,"Kaiora Tipene, Francis Tipene"
The Confession Tapes,
The Edge of Democracy,"Dilma Rousseff, Luiz Inácio Lula da Silva, Marisa Letícia Lula da Silva"
Life Overtakes Me,"Henry Ascher, Nadja Hatem, Mikael Billing"
The Alcàsser Murders,"Fernando García, Elías León Siminiani, Ramón Campos"
Silent,"Radha Mitchell, Laurie Holden, Sean Bean"
Killer Ratings,
After Maria,Glenda Martes
A Tale of Two Kitchens,
1994,"Aziz Khatari, Nahid Ruhi, Mehdi Shadidi"
Born in Gaza,"Walaa Eltiti, Yazeed Faruja"
Born in Syria,"Tia Alkerdi, Javier Castell"
Dying to Tell,"Hernán Zin, Eric Frattini, David Beriain"
ReMastered: The Lion's Share,"Rian Malan, Solomon Linda, Delphi Linda"
Weed the People,"Amanda Reiman, Donald Abrams, Bonni Goldstein"
Jailbirds,"Til Schweiger, Detlev Buck, Leander Haußmann"
Last Breath,"Duncan Allcock, Kjetil Ove Alvestad, Stuart Anderson"
All In My Family,
ReMastered: Devil at the Crossroads,"Terry Harmonica Bean, Rory Block, Yvonne Chireau"
Street Food,"Robert Wu, E.C. Bond, Ron Fernandez"
Grass Is Greener,"Harry J. Anslinger, Louis Armstrong, B-Real"
Generation Iron 3,"Sheru Aangrish, Victor Baiden, Payam Bavili"
Time: The Kalief Browder Story,
Kicko & Super Speedo,
The Legend of Cocaine Island,"Bo Butterworth, Bri Bryant, Edward Craig"
ReMastered: The Miami Showband Massacre,"Stephen Travers, Bertie Ahern, Alan Brecknell"
Antoine Griezmann: The Making of a Legend,
The Disappearance of Madeleine McCann,
Weapon of Choice,
BNK48: Girls Don't Cry,"Cherprang Areekul, Nayika Srinian, Rina Izuta"
Cricket Fever: Mumbai Indians,
Losers,"Elena Telbis, Deyan Donkov, Ovanes Torosian"
Chef's Table,"Riccardo Costa, Antonio Pisaniello"
Studio 54,"Ian Schrager, Steve Rubell, Donald Rubell"
Behind the Curve,"Mark K. Sargent, Patti Sargent, Hannalore Gerling-Dunsmore"
Period. End of Sentence.,"Ajeya, Anita, Gouri Choudari"
14 Minutes from Earth,"Alan Eustace, Jared Leidich, Taber MacCallum"
LEGO Marvel Super Heroes: Guardians of the Galaxy,"Jonathan Adams, Trevor Devall, Will Friedle"
Examination of Conscience,Erin Mick
Polar,"Mads Mikkelsen, Vanessa Hudgens, Katheryn Winnick"
Conversations with a Killer: The Ted Bundy Tapes,
FYRE: The Greatest Party That Never Happened,
Abducted in Plain Sight,"Bob Broberg, Karen Campbell, Jan Broberg"
Adhugo,"Nabha Natesh, Palamuru Devaraj, Abhishek Varma"
Back with the Ex,
ReMastered: Massacre at the Stadium,"Víctor Jara, Joan Jara, Pascale Bonnefoy"
Mexicanos de Bronce,
Pioneers: First Women Filmmakers*,
Murder Mountain,
The Birth Reborn 3,
7 Days Out,
Struggle: The Life and Lost Art of Szukalski,"Stanislav Szukalski, Glenn Bray, Robert Williams"
Once in a Lifetime Sessions with George Ezra,
Once in a Lifetime Sessions with OneRepublic,
Sad Hill Unearthed,"Ennio Morricone, James Hetfield, Joe Dante"
"Out of Many, One",
ReMastered: Who Killed Jam Master Jay?,"Jam Master Jay, DJ Hurricane, Rahman Dukes"
"Ayotzinapa, el paso de la tortuga","Ángela Buitrago, Don Bernardo Campos, Caseta"
Roll With Me,"Gabriel Cordell, Christopher Kawas, Lisa France"
Paap-O-Meter,
Muzaffarnagar Baaqi Hai,"Shubhradeep Chakravorty, Meera Chaudhary, Nakul Singh Sawhney"
Age of Tanks,
Westside,"Lexi Ainsworth, Odette Annable, Jennifer Beals"
ReMastered: Tricky Dick & The Man in Black,"Johnny Cash, Richard Nixon, Aram Bakshian"
Santo Cachón,"Fabian Copete, Elianis Garrido, Alejandro Gutierrez"
Shirkers,"Jasmine Kin Kia Ng, Philip Cheah, Sophia Siddique Harvey"
Terrorism Close Calls,
The Hollywood Masters,
Making a Murderer,
Stunt Science,
Feminists: What Were They Thinking?,"Bella Abzug, Laurie Anderson, Phyllis Chesler"
ReMastered: Who Shot the Sheriff,"Bob Marley, Arnold Bertram, Cindy Breakspeare"
The Meaning of Monty Python,"John Cleese, Terry Gilliam, Eric Idle, Terry Jones"
The Birth Reborn,
Three Wives One Husband,
Lessons from a School Shooting: Notes from Dunblane,
Made in Mexico,"Diego Luna, Kinky, Lila Downs"
Two Catalonias,"Luis María Anson, Inés Arrimadas, Elsa Artadi"
Battlefish,
Boca Juniors Confidential,
Norm Macdonald Has a Show,
City of Joy,"Patrick Swayze, Pauline Collins, Om Puri"
First and Last,"Joss Ackland, Pat Heywood, Patricia Routledge"
Inside the Criminal Mind,
Chicken Soup for the Soul's Being Dad,
Afflicted,"Clif Prowse, Derek Lee, Michael Gill"
Becoming Champions,
The Bleeding Edge,"Jim Spencer, Jeanne Lenzer, Michael Carome"
Amazing Interiors,
Dark Tourist,"Michael Cudlitz, Melanie Griffith, Pruitt Taylor Vince"
Drug Lords,"Andy Lau, Louis Koo, Michael Kiu Wai Miu"
First Team: Juventus,
What We Started,"Steve Angello, Carl Cox, Chip Eberhart"
Churchill’s Secret Agents: The New Recruits,
Recovery Boys,
Pacificum: Return to the Ocean,
The Staircase,"Barbara Hershey, William Petersen, Diane Ladd"
November 13: Attack on Paris,
The Break with Michelle Wolf,
Food on the Go,
Evil Genius,
End Game,"Cuba Gooding Jr., Angie Harmon, James Woods"
Coffee for All,"Glodier Biedma, Elisabeth Cardiello, Martín Malharro"
Pocoyo Special Sports,
The Rachel Divide,"Rachel Dolezal, Franklin Dolezal, Izaiah Dolezal"
Mercury 13,"Wally Funk, Rhea Woltman, Sarah Ratley"
Take Your Pills,"Ariana, Delaney, Jasper Holt-Teza"
Wild Wild Country,
Ladies First,Deepika Kumari
Flint Town,
The Trader (Sovdagari),
Liberated: The New Sexual Revolution,"Kimberleigh Andrews, Kim Biddle, Adam Brown"
Under Arrest,"Paul Martin, Adaline Frye, Billy Martin"
Countdown to Death: Pablo Escobar,
The Reservoir Game,"Kim Eui-sung, Hong Ik-Pyo, Jung Jae-Ho"
Eve's Apple,
The Secret,"Bob Proctor, Joe Vitale, John Assaraf, Loral Langemeier"
Cuba and the Cameraman,
Shot in the Dark,"Jackson Blum, Carl Dunbar, Debbie Dunbar"
Let It Fall: Los Angeles 1982-1992,"Daryl Gates, Tom Bradley, Damian 'Football' Williams"
One of Us,"Etty, Chani Getter, Ari Hershkowitz"
Kingdom of Us,"Jamie-Jodie Shanks, Kacie-Kimie Shanks, Lorie-Lanie Shanks"
The Death and Life of Marsha P. Johnson,"Kurt Wolfe, Sue Yacka, Catherine Shugrue Dos Santos"
Franca: Chaos and Creation,"Marina Abramovic, Azzedine Alaïa, Naomi Campbell"
Generation Iron 2,"Arnold Schwarzenegger, Martyn Ford, Kai Greene"
Noddy Toyland Detective,
The Royal House of Windsor,
Long Shot,"Charlize Theron, Seth Rogen, June Diane Raphael"
Out of Thin Air,"Erla Bolladóttir, Sævar Ciesiekski, Tryggvi Leifsson"
Strong Island,"Yance Ford, Harvey Walker, Kevin Myers"
Heroin(e),"Jan Rader, Patricia Keller, Necia Freeman"
Fire Chasers,
"Alias JJ, la celebridad del mal",
High Risk,"Jet Li, Chingmy Yau, Jacky Cheung"
Resurface,"Bobby Lane, Van Curaza, Martin Pollock"
Daughters of Destiny,"Claudette Colbert, Eleonora Rossi Drago, Mirko Ellis"
I Called Him Morgan,"Lee Morgan, Helen Morgan, Wayne Shorter"
Chasing Coral,"Andrew Ackerman, Pim Bongaerts, Neal Cantin"
Nobody Speak: Trials of the Free Press,"A.J. Daulerio, Hulk Hogan, Charles Harder"
Counterpunch,"Oscar De La Hoya, David Diamante, Bernard Hopkins"
What the Health,"Kip Andersen, Larry Baldwin, Neal Barnard"
Michael Lost and Found,"Mike Glatze, Rebekah Glatze, Benjie Nycum"
Without Gorky,"Arshile Gorky, Maro Gorky, Natasha Gorky"
Joshua: Teenager vs. Superpower,"Agnes Chow, Joshua 'Chi-Fung' Wong"
The Keepers,
Natascha Kampusch: The Whole Story,"Andrew Solomon, Natascha Kampusch, Brigitta Sirny-Kampusch"
JFK: The Making of a President,"Emily Charnock, Nigel Hamilton, Jonathan Kydd"
Casting JonBenet,"Hannah Cagwin, Aeona Cruz, Liv Bagley"
Hot Girls Wanted: Turned On,
Life 2.0,Teasa Copprue
Outback Truckers,
Cheer Squad,"Margaret Anne Florence, Anita Brown, Karis Cameron"
Rush: Beyond the Lighted Stage,"Geddy Lee, Alex Lifeson, Neil Peart"
Hitler - A Career,"Gert Westphal, Stephen Murray, Artur Axmann"
Casablancas: The Man Who Loved Women,"John Casablancas, Woody Allen, James Brady"
Captive,"Kate Mara, David Oyelowo, Mimi Rogers"
The Cuba Libre Story,
#Rucker50,
The Ivory Game,"Andrea Crosta, Ian Stevenson, Prince William of Wales"
13TH,"Melina Abdullah, Michelle Alexander, Cory Booker"
Masha's Spooky Stories,
Amanda Knox,"Amanda Knox, Meredith Kercher, Raffaele Sollecito"
Audrie & Daisy,"Robin Bourland, Daisy Coleman, Charles Coleman"
The White Helmets,"Dana Abed, Tia Alkerdi, Khalid Farah"
Extremis,"Monica Bhargava, Jessica Zitter"
Chef's Table: France,
Saudi Arabia Uncovered,
Behind Enemy Lines,"Gene Hackman, Owen Wilson, Gabriel Macht"
Real Crime: Supermarket Heist (Tesco Bomber),
Children of God,"Johnny Ferro, Stephen Tyrone Williams, Margaret Laurena Kemp"
Cocaine,"Hilda Bayley, Flora le Breton, Ward McAllister"
Edge of the Universe,"Allison von Hausen, Harris Warren"
72 Cutest Animals,
Team Foxcatcher,"John du Pont, Dave Schultz, Mike Gostigian"
Frank and Cindy,"Rene Russo, Oliver Platt, Johnny Simmons"
Masha's Tales,
Sammy & Co,"Eric Buhr, Peter Hedges, Tom MacDonald"
Winter on Fire: Ukraine's Fight for Freedom,"His Beatitude Sviatoslav, Said Ismagilov, Bishop Agapit"
"What Happened, Miss Simone?","Nina Simone, Lisa Simone Kelly, Roger Nupie"
Hot Girls Wanted,"Stella May, Riley Reynolds, Rachel Bernard"
Oscar's Oasis,
Virunga: Gorillas in Peril,"Soledad O'Brien, Jonathan Baillie, André Bauma"
Virunga,"André Bauma, Emmanuel de Merode, Mélanie Gouby"
E-Team,"Anna Neistat, Ole Solvang, Peter Bouckaert"
Print the Legend,"Chris Anderson, Bruce Bradshaw, Craig Broady"
From One Second to the Next,"Valetta Bradford, Xzavier Davis-Bilbo, Aurie Parris"
(T)ERROR,"Khalifah Ali Al-Akili, Mike Healey, Ali Kareem"
#cats_the_mewvie,
100 Days Of Solitude,
100 Years: One Woman's Fight for Justice,
3 Seconds Divorce,
A Gray State,"David Crowley, Danny August Mason, Alex Jones"
A Leaf of Faith,"Susan Ash, Chris Bell, Mark Bell"
A Murder in the Park,"Dexter Hammett, Joseph Alex, Jason Patrick"
A new Capitalism,"José Ignacio Avalos, Antonio Ermírio de Moraes Neto, Claudio Sassaki"
A Week in Watts,"Emada Tingirides, John Coughlin, Erik Shear"
After Porn Ends,"Amber Lynn, Asia Carrera, Bobby Slayton"
After Porn Ends 3,"Christy Canyon, Jenteal, Tera Patrick"
Alarmoty in the Land of Fire,"Husain Abu-Haggag, Ahmad Adam, Muhammad Adel"
Alive and Kicking,"Jason Flemyng, Antony Sher, Dorothy Tutin"
AlphaGo,"Ioannis Antonoglou, Lucas Baker, Nick Bostrom"
American Circumcision,"Georgeanne Chapin, Jonathon Conte, Dean Edell"
American Experience: The Circus,
An American in Madras,"M.K. Thyagaraja Bhagavathar, Ellis Dungan, P.K. Nair"
Anjaan: Rural Myths,
忍者ハットリくん,
Apache Warrior,
Aussie Gold Hunters,
Bachelor Girls,
Barbecue,"Lambert Wilson, Franck Dubosc, Florence Foresti"
Battlefield Recovery,
Beak & Brain: Genius Birds From Down Under,"Hans-Peter Bögel, Alice Auersperg, Gyula Gajdon, Amanda Greer"
Beary Tales,Volker Arzt
"Behind ""The Cove"": The Quiet Japanese Speak Out",
"Berlin, I Love You","Keira Knightley, Helen Mirren, Luke Wilson"
Bheemayan,
Black Man White Skin,"Óscar Jaenada, Ochoa Juan, Zoe Saldana"
Blackfish,"Tilikum, Dave Duffus, Samantha Berg"
Blurred Lines: Inside the Art World,"Marina Abramovic, Katherine Arnold, Leon Black"
Bobby Sands: 66 Days,"Gerry Adams, Michael Alison, Humphrey Atkins"
Bugs,"Antonio Sabato Jr., Angie Everhart, R.H. Thomson"
"Bure Kaam Bura Natija, Kyun Bhai Chacha Haan Bhatija",
Burlesque: Heart of the Glitter Tribe,"Jett Adore, Russell Bruner, Angelique Devil"
Calico Critters: A Town of Dreams,
Calico Critters: The Treasure of Calico Village,
Camp X,"Rael Abreu, Michael Allcock, Alan Blenkinsopp"
Capital in the Twenty-First Century,"Michael Douglas, Vanessa Redgrave, Ronald Reagan"
Catching the Sun,
Catwalk: Tales from the Cat Show Circuit,"Kim Langille, Seamus, Bobby"
Christiane Amanpour: Sex & Love Around the World,
Chuck Chicken,
City in the Sky,Christian Rodska
Civilizations,
Cold Case Files,
Command and Control,"Michael Bideller, Andreas Birnbaum, Tom Brokaw"
Conan Without Borders,
Concrete Football,"Serge Aurier, Mehdi Benatia, Ousmane Dembélé"
Cop Watchers,
Dare to Be Wild,"Emma Greenwell, Tom Hughes, Alex Macqueen"
Democrats,"Paul Mangwana, Robert Mugabe, Douglas Mwonzora"
Diana: In Her Own Words,"King Charles III, Princess Diana, Prince Harry"
Dinner for Five,"Nathan Day, Megan Jones, Rayn Lain, Brian Michaux"
Dino Hunt,
Diva Brides,
Down The Fence,
Dragonkala Ka Rahasya,
Dream Boat,"Michael A., Amit, Michael Anastasio"
El fin de ETA,
El Viaje: Márama y Rombai,
Elizabeth at 90: A Family Tribute,"King Charles III, Princess Alexandra, Sarah Armstrong-Jones"
Elles étaient en guerre 1939-1945,
Elles ont toutes une histoire,"Hawaou Adamou, Antonia Martinez Barahona, Mulu Muleta"
Empire of Scents,
Exit Afghanistan,
Famous in Ahmedabad,
Fear Files... Har Mod Pe Darr,
Fishpeople,"Ray Collins, Lynne Cox, Eddie Donnellan"
Fittest in Dubai,"Mat Fraser, Samantha Briggs, Sara Sigmunsdóttir"
Footprints: The Path of Your Life,
For Grace,Curtis Duffy
Forces of Nature,"Sandra Bullock, Ben Affleck, Maura Tierney"
Forever Chape,
Forever Pure,"Eli Cohen, Arcadi Gaydamak, Ariel Harush"
Forget Me Not,"Carly Schroeder, Cody Linley, Brie Gabrielle"
Forks Over Knives,"Lee Fulkerson, Matthew Lederman, Alona Pulde"
Friday Night Tykes,
Functional Fitness,"Talayna Fortunato, Annie Mist Thorisdottir, Adam Wiley"
GLOW: The Story of the Gorgeous Ladies of Wrestling,"Emily Dole, Dee Booher, Larry Whistler"
Golden Time,"Amirhossein Fathi, Houshang Golmakani, Arash Falahatpisheh"
Great Yellowstone Thaw,
Gringo: The Dangerous Life of John McAfee,"Allison Adonizio, Nanette Burstein, Mark Coker"
Growing Up Coy,"Auri Mathis, Coy Mathis, Dakota Mathis"
Gun Runners,"Julius Arile, Robert Matanda"
Harry & Bunnie,"Daniel Radcliffe, Emma Watson, Rupert Grint"
Haunters: The Art of the Scare,"Jason Blum, McKenzie Westmore, Jason Thompson"
Highly Strung,Scott Hicks
History's Greatest Hoaxes,
Hitler's Olympics,"Susan D. Bachrach, Eric Brown, Jonathan Kydd"
Hitler's Steel Beast,"François Delpla, Mark Felton, Luc Fournier"
Holy Hell,"Will Allen, Dimitrius Pulido, Phillipe Coquet"
Hostage to the Devil,"Malachi Martin, Eugene O'Neill, Robert Blair Kaiser"
Hostages,"Irakli Kvirikadze, Tinatin Dalakishvili, Avtandil Makharadze"
How to Change the World,"Robert Hunter, Patrick Moore, Paul Watson"
How to Live Mortgage Free with Sarah Beeny,
How to Win the US Presidency,"Adam Baylis-West, Tony Blair, Pat Buchanan"
I Am Sun Mu,"Angela, Ho Bin, Il Gon"
I Dream Of Dance,"Chantel Aguirre, Trinity Bonilla, Stephen Boss"
Incorruptible,
Influx,
Inside The Freemasons,"Karen Frandsen, John Hamill"
Inside the Mind of a Serial Killer,"Anya Hartzog, Scout Quigley, Owen Ray"
Inside the Mossad,
Inst@famous,
Invisible Essence: The Little Prince,"Guillaume Cote, Olivier d'Agay, Adam Gopnik"
Islands of the Future,
Jack of all Trades,"Stuart Stone, Harvey Glazer, Adam Rodness"
JingleKids,
Joe Cocker: Mad Dog with Soul,"Joe Cocker, Phil Crookes, Vic Cocker"
John & Jane,"Keanu Reeves, Michael Nyqvist, Alfie Allen"
Jugaad,"Manoj Bajpayee, Hrishitaa Bhatt, Vijay Raaz"
Ken Burns: The Roosevelts: An Intimate History,
Kingdoms of the Sky,
Kon Kon Kon,
LA 92,"Henry Alfaro, Danny Bakewell, John D. Barnett"
Le serment des Hitler,"Florian M. Beierl, Fabrice d'Almeida, David Gardner"
LEGO Ninjago: Masters of Spinjitzu: Day of the Departed,
"Les Bleus - Une autre histoire de France, 1996-2016",
License to Drill: Louisiana,
Life in the Doghouse,"Ron Danta, Danny Robertshaw, Charity Caldwell"
Little Singham aur Kaal ka Mahajaal,
Little Singham in London,
Lo que la verdad esconde: El caso Asunta (Operacion Nenúfar),
Los Niños Héroes de Chapultepec,"Antonio Campuzano, Ariel Perez Lima"
Los tiempos de Pablo Escobar,
Losing Sight of Shore,
LoveTrue,"Abraham Boyd, Angel Boyd, Harmony Boyd"
Marching Orders,
Martyrs of Marriage,
Maynard,"Al Sharpton, Elaine Alexander, Andrew Young"
Meet the Trumps: From Immigrant to President,"Matt Frei, Lady Bird Johnson, John F. Kennedy"
Mega Food,
MegaTruckers,
Melodies of Life - Born This Way,
Memory Games,"Yanjaa Wintersoul, Andy Fong, Kyle Bryan Johnson"
Mexico Diseña,
Mini Wolf,
Miss Representation,"Jennifer Siebel Newsom, Jean Kilbourne, Jim Steyer"
Mission Control: The Unsung Heroes of Apollo,"John Aaron, Stephen Bales, Jerry Bostick"
Money for Nothing,"John Cusack, Debi Mazar, Michael Madsen"
Monster High: Haunted,"Erin Fitzgerald, Salli Saffioti, Jonquil Goode"
Monty Don's French Gardens,
Mortified Nation,"Renee Albert, Jenny Bergman, Alexander Burke"
Mountain,Willem Dafoe
Murderous Affairs,
Naga The Eternal Yogi,
Naledi: A Baby Elephant's Tale,
National Bird,"Heather Linebaugh, Daniel Hale, Lisa Ling"
Nazi Concentration Camps,
Nazi Mega Weapons,
Newtown,"Gene Rosen, Syeda Suriya Ahmed, Abbey Clements"
Not Alone,"Sarah Schroeder-Matzkin, Pat Healy, Richard Lawson"
NOVA: Eclipse Over America,
NOVA: Holocaust Escape Tunnel,
NOVA: Thai Cave Rescue,
NOVA: The Impossible Flight,
Nuestra Lucha Libre,
Numbered,"Gita Kalderon, Zoka Levy, Danny Chanoch"
Numero Zero. The Roots of Italian Rap,
Nurses Who Kill,"Veronica Alicino, Leah Arluk, Chad Brokaw"
Oh My Ghost 4,
Oklahoma City,"Janet Beck, Alan Berg, Jim Botting"
Once In A Lifetime Sessions with TLC,
One More Shot,"Scott Adkins, Michael Jai White, Alexis Knapp"
Operation Odessa,"Ludwig Fainberg, Juan Almeida, Nelson Yester"
Origins Collection,
Pablo Escobar: Angel or Demon?,
Palio,
Paranormal Survivor,
Paris Is Burning,"Brooke Xtravaganza, André Christian, Dorian Corey"
Patient Seventeen,"Patient Seventeen, Roger Leir, Steve Colbern"
Pick of the Litter,"Diane Meer, Terry Blosser, Janet Gearheart"
Pioneers of African-American Cinema,Bret Wood
Playing Hard,"Agata Kulesza, Maria Debska, Dorota Kolak"
Prelude to War,"Adolf Hitler, Benito Mussolini, Roy Ward"
Prince Jai Aur Dumdaar Viru,
Q Ball,"Obada Adnan, Anthony Ammons, Lenny Costa"
Queens of Comedy,"Adele Givens, Laura Hayes, Mo'Nique, Sommore"
Radical: the Controversial Saga of Dada Figueiredo,"Júlio Adler, Marcelo Andrade, Ernesto Baldan"
Raiders!: The Story of the Greatest Fan Film Ever Made,"Chris Strompolos, Eric Zala, Jayson Lamb"
Rats,"Ed Sheehan, Bobby Corrigan, Rick Simeone"
"Rica, Famosa, Latina",
Roll Red Roll,"Mark Cole, Anthony Craig, Rachel Dissell"
Rolling Papers,"Ricardo Baca, Ryan Clendenin, Whoopi Goldberg"
Roots,"Beatriz Flores, Juan de la Cruz, Juan Cano"
S Is for Stanley,"Emilio D'Alessandro, Alex Infascelli, Roberto Pedicini"
Sacro GRA,"Francesco De Santis, Gaetano Finocchi, Roberto Giuliani"
San Pietro,"Mark W. Clark, John Huston"
Shadow of Truth,
Silicon Cowboys,"Rod Canion, Jim Harris, Bill Murto"
Skydancers,"Pitof, Debby Rihn-Harvey, Melissa Dawn Burns"
Smash: Motorized Mayhem,"Benjamin Craft, W. Earl Brown"
Social Animals,"Noël Wells, Ryan Darbonne, Jon Silberg"
Sons of Ben,"Wendell N. Butler, Corey Furlan, Don Garber"
Sour Grapes,"Laurent Ponsot, Jay McInerney, Jefery Levy"
Speed Is My Need,"Shane Byrne, Colin Edwards, Leon Haslam"
Star Men,"Andrew Carnegie, Roger Griffin, George Ellery Hale"
Stop at Nothing: The Lance Armstrong Story,"Reed Albergotti, Betsy Andreu, Frankie Andreu"
Strike a Pose,"Madonna, Luis Camacho, Jose Guitierez"
Strongland,
SuperNature: Wild Flyers,
Sustainable,"Marty Travis, Dan Barber, Rick Bayless"
Teach Us All,
Tellur Aliens,
Thackeray,"Nawazuddin Siddiqui, Amrita Rao, Sanjay Narvekar"
The 2000s,"Bernadette Lords, Fred Armisen, Ken Aymong"
The 24 Hour War,"Charlie Agapiou, Mario Andretti, A.J. Baime"
The Accountant of Auschwitz,"Oskar Gröning, Jeff Ansell, Hedy Bohm"
The Animal People,"Steven Best, Heidi Boghosian, George W. Bush"
The Bachelor,"Chris O'Donnell, Renée Zellweger, Artie Lange"
The Bad Kids,"Vonda Viland, Julia Alexander, Laura Ambrosius"
The Beginning of Life: The Series,
The Bomb,
The Calling,"Susan Sarandon, Gil Bellows, Ellen Burstyn"
The Darkest Dawn,"Bethan Leadley, Cherry Wallis, Jess Cleverly"
The Devil and Father Amorth,"William Friedkin, Jeffrey Burton Russell, Christina"
The Devil We Know,"Sue Bailey, Bucky Bailey, Ken Wamsley"
The Eighties,Bernard Levin
The Fear of 13,"Herbert A. Fuchs, Sammy Silverwatch, Nick Yarris"
The Force,"Cat Brooks, Jonathan Cairo, Ben McBride"
The Future of Water,"Robert Glennon, Jon Kyl, Pat Mulroy"
The Gentleman Driver,"Ed Brown, Ricardo Gonzalez, Michael Guasch"
The Golden Years with Javed Akhtar,
The Heat: A Kitchen (R)evolution,"Suzanne Barr, Victoria Blarney, Amanda Cohen"
The House on Coco Road,"Angela Davis, Fania Davis, Fannie Haughton"
The Human Factor: The Untold Story of the Bombay Film Orchestras,
The Jack King Affair,
The Last Resort,"America Olivo, Paulie Rojas, Marissa Tait"
The Legend of 420,"Shaun Attwood, W. Earl Brown, Tommy Chong"
The Long Goodbye: The Kara Tippetts Story,"Kara Tippetts, Ann Voskamp, Joanna Gaines"
The Look of Silence,"Adi Rukun, M.Y. Basrun, Volker Hanisch"
The Lovers and the Despot,
"The Memphis Belle: A Story of a
Flying Fortress",
The Minimighty Kids,
The Mortified Guide,
The Murder Detectives,
The Negro Soldier,"Clyde Turner, Carlton Moss, William Broadus"
The Nineties,"Mae West, Roger Pryor, Johnny Mack Brown"
The NSU-Complex,"Stefan Aust, Tino Brandt, Uwe Böhnhardt"
The Perfect Day,"Jason Redman, Tim Brown, Kera O'Bryon"
The Power of Grayskull: The Definitive History of He-Man and the Masters of the Universe,
The Rat Race,"Tony Curtis, Debbie Reynolds, Jack Oakie"
The Redeemed and the Dominant: Fittest on Earth,"Dan Bailey, Samantha Briggs, Dave Castro"
The Search for Life in Space,"Lisa Kaltenegger, Malcolm McDowell, Carl Sagan"
The Seven Five,"Mike Dowd, Ken Eurell, Walter Yurkiw"
The Seventies,"Vilma Santos, Christopher De Leon, Piolo Pascual"
The Spy Who Fell to Earth,"Muammar Gaddafi, Henry Kissinger, Nikita Khrushchev"
The Sunshine Makers,"Tim Scully, Nick Sand, Alice Einhorn"
The Surrounding Game,"Allan Abramson, Keith Arnold, Terence Benson"
The Vietnam War: A Film by Ken Burns and Lynn Novick,
The Women Who Kill Lions,"Rebecca Front, Rebecca Francis, Jacine Jadresko"
Theo Who Lived,Theo Padnos
This Was Tomorrow,"Dimitri 'Vegas' Thivaios, Afrojack, Steve Angello"
To Be a Miss,
Tokyo Idols,"Rio Hiiragi, Yuzuha Oda, Masayoshi Sakai"
Top 10 Secrets and Mysteries,
Top Grier,
Towies,
Treasures from the Wreck of the Unbelievable,"Damien Hirst, Piotr Baumann, Andrew Whipp"
Tree Man,
Trophy,"Tim Black, Philip Glass, Christo Gomes"
Tyke Elephant Outlaw,"Bryan Akita, Pam Burns, Cathy Goeggel"
Unacknowledged,"Giancarlo Esposito, Steven M. Greer, Carl Sagan"
Undercover: How to Operate Behind Enemy Lines,
Vegas Baby,"Kal Penn, Jonathan Bennett, Donald Faison, Charlie Talbert"
Wartime Portraits,
Water & Power: A California Heist,"Lisa Ray, John Abraham, Seema Biswas"
Waterschool,
"We, the Marines",Gene Hackman
What Makes a Psychopath?,
When Hari Got Married,
When Two Worlds Collide,"Alberto Pizango, Alan García, Aruwihtu Pizanku"
Why Knot,
Why We Fight: The Battle of Russia,
Williams,"Jamie Berry, Emily Bevan, Keith Botsford"
Winnie,"Winnie Mandela, Anné-Mariè Bezdrop, Zindzi Mandela"
Women Behind Bars,"Lina Romay, Martine Stedil, Nathalie Chape"
Woodstock,"Joan Baez, Richie Havens, Roger Daltrey"
WWII: Report from the Aleutians,
Zombie Dumb,
