title,director
Blood & Water,N/A
Jailbirds New Orleans,N/A
Kota Factory,N/A
Crime Stories: India Detectives,N/A
Dear White People,Justin Simien
Falsa identidad,Marta Foncilla
Jaguar,N/A
Love on the Spectrum,N/A
Chicago Party Aunt,N/A
Sex Education,N/A
Squid Game,N/A
The Angry Birds Movie,"Clay Kaytis, Fergal Reilly"
Chhota Bheem and the Curse of Damyaan,Rajiv Chilaka
He-Man and the Masters of the Universe,N/A
Dharmakshetra,N/A
The Big Nailed It Baking Challenge,N/A
Numberblocks,N/A
Raja Rasoi Aur Anya Kahaniyan,N/A
Saved by the Bell,N/A
Stories by Rabindranath Tagore,N/A
Too Hot to Handle: Latino,N/A
Jack Whitehall: Travels with My Father,N/A
The World's Most Amazing Vacation Rentals,N/A
Yowamushi Pedal,N/A
Lucifer,N/A
Metal Shop Masters,N/A
Titipo Titipo,N/A
Mighty Raju,N/A
Into the Night,N/A
The Circle,James Ponsoldt
Kid Cosmic,N/A
Octonauts: Above & Beyond,N/A
Women on the Verge of a Nervous Breakdown,Pedro Almodóvar
Tobot Galaxy Detectives,N/A
"Tayo, the Little Bus",N/A
Bunk'd,N/A
Dive Club,N/A
La Casa de Papel: O Jogo,Lucas Shannon
Sharkdog,N/A
Heroes of Goo Jit Zu,N/A
Hotel Del Luna,N/A
Luv Kushh,N/A
Pororo the Little Penguin,N/A
Q-Force,N/A
Brave Animated Series,N/A
How to Be A Cowboy,N/A
Kid-E-Cats,N/A
Kuroko's Basketball,N/A
Major Dad,N/A
Turning Point: 9/11 and the War on Terror,N/A
Sparking Joy with Marie Kondo,N/A
Hometown Cha-Cha-Cha,N/A
The Ingenuity of the Househusband,N/A
Bread Barbershop,N/A
D.P.,N/A
The Seven Deadly Sins,N/A
I Heart Arlo,N/A
Rebellion,N/A
Ride on Time,Darryl Sloan
Titletown High,N/A
Edens Zero,N/A
Madea's Family Reunion,Tyler Perry
Motel Makeover,N/A
Open Your Eyes,Alejandro Amenábar
Post Mortem: No One Dies in Skarnes,N/A
Wheel of Fortune and Fantasy,Ryûsuke Hamaguchi
Manifest,N/A
Comedy Premium League,N/A
Everything Will Be Fine,Christoffer Boe
Korean Cold Noodle Rhapsody,N/A
The Chair,N/A
The Defeated,N/A
Mother Goose Club,N/A
Rascal Does Not Dream of Bunny Girl Senpai,N/A
The Creative Indians,N/A
Winx Club,N/A
Brand New Cherry Flavor,N/A
Fast & Furious Spy Racers,N/A
Grace and Frankie,N/A
Indiana Jones and the Kingdom of the Crystal Skull,Steven Spielberg
AlRawabi School for Girls,N/A
Bake Squad,N/A
Gabby's Dollhouse,N/A
Las Muñecas de la Mafia (II),N/A
The Crowned Clown,N/A
Shaman King,N/A
Hit & Run,N/A
Car Masters: Rust to Riches,N/A
Control Z,N/A
Cooking with Paris,N/A
Autumn's Concerto,N/A
Top Secret UFO Projects: Declassified,N/A
I Have Two Mothers and Two Fathers,Kresimir Golik
You're My Destiny,N/A
30 Rock,N/A
44 Cats,N/A
Darwin's Game,N/A
Friday Night Lights,N/A
Charmed,N/A
Centaurworld,N/A
Glow Up: Britain's Next Make-Up Star,N/A
Khawatir,N/A
Myth & Mogul: John DeLorean,N/A
Outer Banks,N/A
Tattoo Redo,N/A
The Snitch Cartel: Origins,N/A
All American,N/A
How to Sell Drugs Online (Fast),N/A
Mighty Express,N/A
The Walking Dead,N/A
Wynonna Earp,N/A
Feels Like Ishq,N/A
Masters of the Universe: Revelation,N/A
Revelations: The Masters of the Universe: Revelation Aftershow,N/A
Sky Rojo,N/A
The Movies That Made Us,N/A
9to5: The Story of A Movement,"Steven Bognar, Julia Reichert"
Chicago Med,N/A
Sexy Beasts,N/A
Too Hot to Handle: Brazil,N/A
Okupas,N/A
Touch Your Heart,N/A
Explained,N/A
Johnny Test,N/A
Beastars,N/A
Her Private Life,N/A
Never Have I Ever,N/A
Heist,David Mamet
My Unorthodox Life,N/A
Ridley Jones,N/A
Atypical,N/A
Biohackers,N/A
How to Become a Tyrant,N/A
I Know What You Did Last Summer,Jim Gillespie
The Cook of Castamar,N/A
Virgin River,N/A
Elize Matsunaga: Once Upon a Crime,N/A
Resident Evil: Infinite Darkness,N/A
Cat People,Jacques Tourneur
Dogs,Bogdan Mirica
The War Next-door,N/A
Ask the StoryBots,N/A
Between,N/A
Chelsea,N/A
Code Lyoko,N/A
Colony,N/A
Cuckoo,N/A
Derry Girls,N/A
Girl From Nowhere,N/A
Good Morning Call,N/A
I Am a Killer,N/A
I Think You Should Leave with Tim Robinson,N/A
Kim's Convenience,N/A
Larva,Abram Cox
Marcella,N/A
Midnight Diner: Tokyo Stories,N/A
My Little Pony: Friendship Is Magic,N/A
Orange Is the New Black,N/A
Puffin Rock,N/A
Richie Rich,Donald Petrie
Scream,Wes Craven
Shtisel,N/A
Some Assembly Required,N/A
Tales by Light,N/A
Terrace House: Opening New Doors,N/A
The A List,N/A
The New Legends of Monkey,N/A
The Worst Witch,N/A
Undercover,N/A
Workin' Moms,N/A
YooHoo to the Rescue,N/A
You Are My Spring,N/A
God's Not Dead: We the People,Vance Null
Grey's Anatomy,N/A
Big Timber,N/A
Mortel,N/A
The Bureau of Magical Things,N/A
Generation 56K,N/A
Rainbow Rangers,N/A
Sailor Moon Crystal,N/A
Young Royals,N/A
Droppin' Cash: Los Angeles,N/A
Somos.,N/A
The Daily Life of the Immortal King,N/A
StarBeam,N/A
The Seven Deadly Sins,N/A
Sex/Life,N/A
Godzilla Singular Point,N/A
Jiva!,N/A
Sisters on Track,"Tone Grøttjord-Glenne, Corinne van der Borch"
The Naked Director,N/A
The Parisian Agency: Exclusive Properties,N/A
Too Hot to Handle,N/A
This Is Pop,N/A
"The Boy, the Mole, the Fox and the Horse","Peter Baynton, Charlie Mackesy"
"Nevertheless,",N/A
Bangkok Love Stories: Innocence,N/A
Black Lightning,N/A
Call My Agent!,N/A
Champions,Bobby Farrelly
Deadwind,N/A
Glee,N/A
Hap and Leonard,N/A
Locked Up Abroad,N/A
No Time for Shame,N/A
Pose,N/A
Rea(l)ove,N/A
Schitt's Creek,N/A
Inside Look: The Assassination of Gianni Versace - American Crime Story,N/A
The Judgement,Sander Burger
The Last Dance,N/A
Why Are You Like This,N/A
Elite,N/A
Hospital Playlist,N/A
So Not Worth It,N/A
Black Summer,N/A
Elite Short Stories: Carla Samuel,N/A
Katla,N/A
Record of Ragnarok,N/A
The Gift,Joel Edgerton
Elite Short Stories: Omar Ander Alexis,N/A
Millennials,N/A
Penguin Town,N/A
LEGO Marvel Avengers: Climate Conundrum,N/A
Beyond Evil,N/A
Elite Short Stories: Nadia Guzmán,N/A
Headspace: Unwind Your Mind,N/A
Power Rangers Dino Fury,N/A
Rhyme Time Town,N/A
Elite Short Stories: Guzmán Caye Rebe,N/A
Lego Friends: The Power of Friendship,N/A
Lupin,N/A
Trese After Dark,Gio Puyat
Locombianos,N/A
Guru Aur Bhole,N/A
Kitty Love: An Homage to Cats,Mark Verkerk
Human: The World Within,N/A
Sweet Tooth,N/A
Creator's File: Gold,N/A
Summertime,David Lean
Attack on Titan,N/A
Ben & Holly's Little Kingdom,N/A
Cocomelon,N/A
Downton Abbey,N/A
Happy Endings,N/A
Racket Boys,N/A
The Platform,Galder Gaztelu-Urrutia
Dirty John,N/A
The Kominsky Method,N/A
Black Space,N/A
Eden,Megan Griffiths
Ragnarok,N/A
High on the Hog: How African American Cuisine Transformed America,N/A
JoJo's Bizarre Adventure,N/A
Mad for Each Other,N/A
Master of None,N/A
Creating an Army of the Dead,Alvaro Mendoza
Jurassic World: Camp Cretaceous,N/A
The Neighbor,Marcus Dunstan
Special,N/A
The Magic School Bus,N/A
Who Killed Sara?,N/A
Booba: Food Puzzle,N/A
Alma Matters: Inside the IIT Dream,N/A
Haunted,Lewis Gilbert
"Love, Death & Robots",N/A
Move to Heaven,N/A
Castlevania,N/A
The Upshaws,N/A
"Money, Explained",N/A
Mine,"Fabio Guaglione, Fabio Resinaro"
Jupiter's Legacy,N/A
Lava Ka Dhaava,N/A
Selena: The Series,N/A
StartUp,N/A
Trash Truck,N/A
Angelina Ballerina,N/A
Pet Stars,N/A
The Unremarkable Juanquini,N/A
Yasuke,N/A
Headspace Guide to Sleep,N/A
Sexify,N/A
Fatma,N/A
Shadow and Bone,N/A
Searching for Sheela,Shakun Batra
Zero,Aanand L. Rai
Izzy's Koala World,N/A
Keymon and Nani in Space Adventure,Swarna Prasad
Free to Play,Valve
Luis Miguel: The Series,N/A
PJ Masks,N/A
Love Naggers,N/A
Dancing Angels,Art Mancini
Durarara!!,N/A
Gilmore Girls,N/A
High-Rise Invasion,N/A
Next in Fashion,N/A
Peasants' Rebellion,N/A
Power Players,N/A
Ricky Zoom,N/A
Sonic X,N/A
Dad Stop Embarrassing Me!,N/A
Fate: The Winx Saga,N/A
House of Cards,N/A
Indian Matchmaking,N/A
Jeffrey Epstein: Filthy Rich,N/A
Law School,N/A
Living with Yourself,N/A
Signal,N/A
Slasher,N/A
Unnatural Selection,N/A
The Baker and the Beauty,N/A
"Nicky, Ricky, Dicky & Dawn",N/A
Don't be the First One!,N/A
Heaven Official's Blessing,N/A
The Way of the Househusband,N/A
Dolly Parton: A MusiCares Tribute,Christian Lamb
The Big Day,Ian McCrudden
The Wedding Coach,N/A
Glimpses of a Future,N/A
Murder Maps,N/A
Prank Encounters,N/A
Secrets of Great British Castles,N/A
Worn Stories,N/A
Robocar Poli,N/A
Yu-Gi-Oh!,N/A
Rainbow High,N/A
Bad Trip,Kitao Sakurai
Big Time Rush,N/A
Elizabeth and Margaret: Love and Loyalty,"Lucy Swingler, Stephanie Wessell"
The Irregulars,N/A
Dota: Dragon's Blood,N/A
Pui Pui Molcar,N/A
Navillera,N/A
Mighty Morphin Power Rangers,Bryan Spicer
Alien TV,N/A
Country Comfort,N/A
Formula 1: Drive to Survive,N/A
B: The Beginning,N/A
Waffles + Mochi,N/A
Abla Fahita: Drama Queen,N/A
The Lost Pirate Kingdom,N/A
Zero Chill,N/A
Love Alarm,N/A
Paradise PD,N/A
The One,James Wong
Last Chance U: Basketball,N/A
Marriage or Mortgage,N/A
The Houseboat,N/A
Bombay Begums,N/A
Going My Way,Leo McCarey
City of Ghosts,Matt Dillon
Pokémon Journeys: The Series,N/A
Pacific Rim: The Black,N/A
Word Party,N/A
Tiger & Bunny,N/A
El Final del Paraíso,N/A
Sin Senos Sí Hay Paraíso,N/A
Overwatch: The Last Bastion,"Ben Dai, Jeff Chamberlain"
Age of Samurai: Battle for Japan,N/A
Canine Intervention,N/A
Ginny & Georgia,N/A
Two Sentence Horror Stories,N/A
Vincenzo,N/A
Fate: The Winx Saga - The Afterparty,"Joe Guidry, Jon Mackey"
Tribes of Europa,N/A
"Hello, Me!",N/A
Sisyphus,Marcell Jankovics
Thus Spoke Kishibe Rohan,N/A
Amend: The Fight for America,N/A
Behind Her Eyes,N/A
MeatEater,N/A
Good Girls,N/A
Booba,N/A
The Crew,Michael Dinner
Buried by the Bernards,N/A
Chappelle's Show,N/A
Nadiya Bakes,N/A
Capitani,N/A
El Chema,N/A
iCarly,N/A
The Sinner,Antonio Campos
Hache,N/A
Invisible City,"Júlia Pacheco Jordão, Luis Carone"
Firefly Lane,N/A
Pablo Escobar: El Patrón del Mal,N/A
Power Rangers Ninja Steel,N/A
Tiffany Haddish Presents: They Ready,N/A
Heartland,N/A
Love Daily,N/A
My Dead Ex,N/A
The Unsettling,N/A
Total Drama,N/A
Zac and Mia,N/A
Zig & Sharko,N/A
We Are: The Brooklyn Saints,N/A
Bonding,N/A
Outlander,N/A
Blown Away,Stephen Hopkins
Busted!,N/A
Demon Slayer: Kimetsu no Yaiba,N/A
Daughter from Another Mother,N/A
Spycraft,N/A
Hello Ninja,N/A
Bling Empire,N/A
Carmen Sandiego,N/A
Disenchantment,N/A
Henry Danger,N/A
The Magicians,N/A
Creating the Queen's Gambit,N/A
Inside the World's Toughest Prisons,N/A
Mighty Little Bheem: Kite Festival,N/A
Pretend It's a City,N/A
Stuck Apart,"Durul Taylan, Yagmur Taylan"
Surviving Death,N/A
History of Swear Words,N/A
Nailed It! Mexico,N/A
Korean Pork Belly Rhapsody,N/A
QB1: Beyond the Lights,N/A
Cobra Kai,N/A
Dream Home Makeover,N/A
Headspace Guide to Meditation,N/A
Jenni Rivera: Mariposa de Barrio,N/A
Monarca,N/A
The Running Man,Paul Michael Glaser
The Haunted Hathaways,N/A
The Minimalists: Less Is Now,Matt D'Avella
Best of Stand-Up 2020,N/A
Chilling Adventures of Sabrina,N/A
Best Leftovers Ever!,N/A
Dare Me,N/A
Equinox,N/A
Still Game,N/A
A Love So Beautiful,N/A
Sakho & Mangane,N/A
Regiment Diaries,N/A
Bridgerton,N/A
Lovestruck in the City,N/A
Rhyme Time Town Singalongs,N/A
Shaun the Sheep Movie,"Mark Burton, Richard Starzak"
Timmy Time,N/A
Diamond City,David MacDonald
Home for Christmas,N/A
Ma Rainey's Black Bottom: A Legacy Brought to Screen,Nico Giles Wiggins
Morphle,N/A
Run On,N/A
How to Ruin Christmas,N/A
Black Ink Crew New York,N/A
Pup Academy,N/A
Song Exploder,N/A
Teen Mom 2,N/A
Squid Game: The Challenge,N/A
Hilda,N/A
Tiny Pretty Things,N/A
The Children of Adam: An American's Experience in Iran,Nina Pari Aghabeikzadeh
The Mess You Leave Behind,N/A
Alice in Borderland,N/A
Once Upon a Time... in Hollywood,Quentin Tarantino
The Big Show Show,N/A
The Expanding Universe of Ashley Garcia,N/A
The Surgeon's Cut,N/A
Emicida: AmarElo - It's All for Yesterday,Fred Ouro Preto
Juman,N/A
Mr. Iglesias,N/A
100 Days My Prince,N/A
Bhaag Beanie Bhaag,N/A
Big Mouth,N/A
Kings of Jo'burg,N/A
Leyla Everlasting,Ezel Akay
The Great British Baking Show: Holidays,N/A
Alien Worlds,N/A
Check the Store Next Door: The Next Chapter,N/A
Hazel Brugger: Tropical,J. Patrick Arbeiter
Are You the One?,N/A
Gormiti,N/A
Ink Master,N/A
The Octonauts,N/A
Oddbods,Peter Orton
Stargate SG-1,N/A
The Bachelorette,N/A
The Guest,Adam Wingard
The Repair Shop,N/A
The Uncanny Counter,N/A
Fabulous Lives of Bollywood Wives,N/A
Heartbreak High,N/A
Over Christmas,N/A
Sugar Rush Christmas,N/A
Great Pretender,N/A
Valentino,Ken Russell
Strongest Deliveryman,N/A
Flavorful Origins,N/A
America's Heart & Soul,Louie Schwartzberg
Mismatched,N/A
Voices of Fire,N/A
Holiday Home Makeover with Mr. Christmas,N/A
The Boss Baby: Back in Business,N/A
We Are the Champions,N/A
America's Next Top Model,N/A
Beyblade Burst Rise,N/A
Polly Pocket,N/A
Survivor,James McTeigue
The Crown,N/A
American Horror Story,N/A
Ethos,N/A
Graceful Friends,N/A
Aunty Donna's Big Ol' House of Fun,N/A
The Liberator,N/A
Trial 4,N/A
We Are All for the Fatherland,Maroun Bagdadi
Dash & Lily,N/A
Bakugan: Battle Planet,N/A
Country Ever After,N/A
Wrong Kind of Black,N/A
Paranormal,N/A
Love & Anarchy,N/A
Can You Hear Me,N/A
60 Days In,N/A
Dawson's Creek,N/A
Forged in Fire,N/A
Leah Remini: Scientology and the Aftermath,N/A
Lego Jurassic World: Legend of Isla Nublar,N/A
The Lego Ninjago Movie,"Charlie Bean, Paul Fisher, Bob Logan"
Lego Ninjago: Masters of Spinjitzu,"Michael Hegner, Justin Joseph Murphy"
Lego City Adventures,N/A
The Garfield Show,N/A
The Good Detective,N/A
Voice,N/A
Zumbo's Just Desserts,N/A
Kongsuni and Friends,N/A
Marvel's Agents of S.H.I.E.L.D.: Academy,N/A
Somebody Feed Phil,N/A
Suburra: Blood on Rome,N/A
Blood of Zeus,N/A
Chico Bon Bon: Monkey with a Tool Belt,N/A
Barbarians,N/A
Stolen Away,N/A
The Queen's Gambit,N/A
My Next Guest Needs No Introduction with David Letterman,N/A
Unsolved Mysteries,N/A
Start-Up,N/A
Grand Army,N/A
La Révolution,N/A
The Last Kids on Earth,N/A
Fireman Sam,N/A
Half & Half,N/A
One on One,N/A
Power Rangers Beast Morphers,N/A
Social Distance,N/A
The Cabin with Bert Kreischer,N/A
Kipo and the Age of Wonderbeasts,N/A
Deaf U,N/A
Super Monsters: Dia de los Monsters,N/A
The Haunting of Bly Manor,N/A
Do Do Sol Sol La La Sol,N/A
The Private Lives of Pippa Lee,Rebecca Miller
The 100,N/A
Bad Boy Billionaires: India,N/A
Dreamworks Happy Holidays from Madagascar,N/A
Emily in Paris,N/A
H2O: Just Add Water,N/A
Evil,Mikael Håfström
Familiar Wife,N/A
Food Wars: Shokugeki no Soma,N/A
"Good Morning, Verônica",N/A
Journey of an African Colony: The Making of Nigeria,N/A
Oktoberfest: Beer & Blood,N/A
Secreto bien guardado,N/A
Sword Art Online,N/A
The Parkers,N/A
The Unicorn,N/A
You Cannot Hide,N/A
Black Butler,N/A
Man with a Plan,N/A
The Boys in the Band: Something Personal,Joel Kazuo Knoernschild
Wentworth,N/A
"Whose Vote Counts, Explained",N/A
Van Helsing,Stephen Sommers
The Good Place,N/A
A Perfect Crime,N/A
Mighty Little Bheem,N/A
Sneakerheads,N/A
The School Nurse Files,N/A
The Chef Show,N/A
The Playbook,N/A
Fukrey Boyzzz,N/A
Ratched,N/A
The American Barbecue Showdown,N/A
The Blacklist,N/A
Dragon's Dogma,N/A
The Last Word,Mark Pellington
Baby,Neeraj Pandey
Challenger,Glenn Jordan
Criminal: UK,N/A
Signs,M. Night Shyamalan
Sing On!,N/A
Taco Chronicles,N/A
Buddi,N/A
The Boss Baby 2: Family Business,Tom McGrath
Girlfriends,N/A
The Barrier,N/A
The Duchess,Saul Dibb
Greenleaf,N/A
Get Organized with the Home Edit,N/A
Record of Youth,N/A
Transformers: Cyberverse,N/A
Cleverman,N/A
Away,N/A
Spirit Riding Free: Riding Academy,N/A
Young Wallander,N/A
Chef's Table: BBQ,N/A
The Witcher: A Look Inside the Episodes,N/A
Blue Exorcist,N/A
Bookmarks,N/A
Borgen,N/A
Erased,N/A
Felipe Esparza: Bad Decisions,N/A
H,Jong-Hyuk Lee
Heidi,Alain Gsponer
"Sister, Sister",N/A
The Promised Neverland,N/A
I Am A Killer: Released,N/A
Masaba Masaba,N/A
Aggretsuko,N/A
Her Mother's Killer,N/A
Million Dollar Beach House,N/A
Rising Phoenix,"Ian Bonhôte, Peter Ettedgui"
Emily's Wonder Lab,N/A
Trinkets,N/A
Hoops,N/A
Rust Valley Restorers,N/A
John Was Trying to Contact Aliens,Matthew Killip
DeMarcus Family Rules,N/A
High Score,N/A
Glitch Techs,N/A
Stranger,N/A
Dérè: An African Tale,N/A
Rita,N/A
Takki,N/A
3%,N/A
Teenage Bounty Hunters,N/A
The Great Heist,N/A
The Legend of Korra,N/A
Zoids Wild,N/A
(Un)Well,N/A
The Governor,Çagatay Tosun
High Seas,N/A
Selling Sunset,N/A
Tiny Creatures,N/A
Word Party Songs,N/A
Ever After High,N/A
Singin' in the Rain,"Stanley Donen, Gene Kelly"
World's Most Wanted,N/A
Mystery Lab,N/A
Immigration Nation,N/A
Moesha,N/A
My Perfect Landing,N/A
Nagi-Asu: A Lull in the Sea,N/A
The Next Step,N/A
Toradora!,N/A
Transformers: Rescue Bots Academy,N/A
Get Even,N/A
Sugar Rush,N/A
The Umbrella Academy,N/A
Transformers: War for Cybertron Trilogy,N/A
Last Chance U,N/A
Fear City: New York vs the Mafia,N/A
The Viking's Daughter: The Story of the Ancient Norsemen,J. Stuart Blackton
Street Food: Latin America,N/A
Killer Women with Piers Morgan,N/A
Gigantosaurus,N/A
The Single Wives,N/A
Cursed,Wes Craven
Dancer in the Dark,Lars von Trier
Kissing Game,N/A
Dark Desire,N/A
Skin Decision: Before and After,N/A
Sunny Bunnies,N/A
The Business of Drugs,N/A
Down to Earth with Zac Efron,N/A
The Epic Tales of Captain Underpants in Space,N/A
Japan Sinks: 2020,N/A
The Protector,Prachya Pinkaew
Was It Love,N/A
Stateless,N/A
Little Singham,N/A
Cable Girls,N/A
Ju-on: Origins,N/A
Southern Survival,N/A
The Baby-Sitters Club,Melanie Mayron
Supermarket Sweep,N/A
Warrior Nun,N/A
21 Again,N/A
A Touch of Green,N/A
Before You Say 'I Do',Paul Fox
Trotro,N/A
BNA,N/A
Homemade,N/A
Dark,N/A
All for Love,Kyu-dong Min
Home Game,N/A
Twogether,N/A
Crazy Delicious,N/A
"Roswell, New Mexico",N/A
It's Okay to Not Be Okay,N/A
Babies,Thomas Balmès
Disclosure,Barry Levinson
Floor Is Lava,N/A
The Most Beautiful Thing,Cameron Covell
The Politician,N/A
Harry Potter and the Order of the Phoenix,David Yates
The Chase,Adam Rifkin
The Show Must Go On: The Queen + Adam Lambert Story,"Christopher Bird, Simon Lupton"
Alexa & Katie,N/A
How to Get Away with Murder,N/A
Dating Around,N/A
F Is for Family,N/A
Frank Elstner: Just One Last Question,N/A
One Piece,N/A
Star Trek III: The Search for Spock,Leonard Nimoy
The Cabin in the Woods,Drew Goddard
Curon,N/A
Lenox Hill,N/A
My Mister,N/A
Reality Z,N/A
Queen of the South,N/A
13 Reasons Why,N/A
Queer Eye,N/A
The Light of My Eyes,Wael Ihsan
Baki,N/A
Alone,John Hyams
True: Rainbow Rescue,"Todd Kauffman, Mark Thornton"
Cardcaptor Sakura,N/A
Midnight Diner: Tokyo Stories,N/A
Revolutionary Love,Daniel Sarkissian
Space Force,N/A
"Can't Cope, Won't Cope",N/A
Dorohedoro,N/A
Betaal,N/A
Dynasty,N/A
History 101,N/A
Mystic Pop-up Bar,N/A
The Queen and the Conqueror,N/A
Sweet Magnolias,N/A
The Big Flower Fight,N/A
Patriot Act with Hasan Minhaj,N/A
Boys Over Flowers,N/A
Iris,Richard Eyre
Avatar: The Last Airbender,N/A
Madam Secretary,N/A
Magic for Humans,N/A
Parasyte: The Maxim,N/A
She-Ra and the Princesses of Power,N/A
The Wiggles,N/A
White Lines,N/A
True: Terrific Tales,N/A
Bordertown,N/A
Trial by Media,N/A
Dead to Me,N/A
Restaurants on the Edge,N/A
The Hollow Crown,N/A
Hangar 1: The UFO Files,N/A
Hoarders,N/A
WWII in HD,N/A
Hollywood,N/A
Masha and the Bear,N/A
Monthly Girls' Nozaki-kun,N/A
Oh Yuck!,N/A
Reckoning,N/A
DRIFTING DRAGONS,N/A
El Señor de los Cielos,N/A
Good Witch,N/A
Extracurricular,N/A
Murder to Mercy: The Cyntoia Brown Story,Daniel H. Birman
Tjovitjo,N/A
"Coronavirus, Explained",N/A
The Last Kingdom,N/A
My Secret Romance,N/A
After Life,N/A
Love 101,N/A
Ghost in the Shell SAC_2045,N/A
The House of Flowers,N/A
Absurd Planet,N/A
Win the Wilderness: Alaska,N/A
Bleach,N/A
Nicky Jam: El Ganador,N/A
Cooked with Cannabis,N/A
The Midnight Gospel,N/A
The King: Eternal Monarch,N/A
#BlackAF,N/A
El Dragón: Return of a Warrior,N/A
Hasmukh,N/A
Fauda,N/A
The Innocence Files,N/A
Surviving R. Kelly: The Impact,N/A
Brews Brothers,N/A
LA Originals,Estevan Oriol
Hi Score Girl,N/A
The Circle: France,N/A
El Reemplazante,N/A
Legacies,N/A
Community,N/A
How to Fix a Drug Scandal,N/A
Man Like Mobeen,N/A
Saint Seiya: Knights of the Zodiac,N/A
Sunderland 'Til I Die,N/A
The Iliza Shlesinger Sketch Show,N/A
The Windsors,N/A
Well-Intended Love,N/A
Akbar Birbal,N/A
Dave Chappelle: The Kennedy Center Mark Twain Prize for American Humor,Chris Robinson
Rugal,N/A
Happy!,Brian Taylor
Ladies Up,N/A
Ozark,N/A
7Seeds,N/A
Unorthodox,N/A
Freud,N/A
J-Style Trip,N/A
Archibald's Next Big Thing,N/A
Dino Girl Gauko,N/A
Greenhouse Academy,N/A
Self Made: Inspired by the Life of Madam C.J. Walker,N/A
She,N/A
The English Game,N/A
The Letter for the King,N/A
Vampires,John Carpenter
Caliphate,N/A
Women of the Night,Kenji Mizoguchi
Shaun the Sheep: Adventures from Mossy Bottom,N/A
We Speak Dance,N/A
100 Humans: Life's Questions. Answered.,N/A
Bloodride,N/A
The Valhalla Murders,N/A
Dirty Money,N/A
On My Block,N/A
The Circle: Brazil,N/A
Ugly Delicious,N/A
Mighty Little Bheem: Festival of Colors,N/A
Akame ga Kill!,N/A
Babylon Berlin,N/A
Always a Witch,N/A
Amit Tandon: Family Tandoncies,Nishant Nayak
Queen Sono,N/A
Toy Boy,N/A
Unstoppable,Tony Scott
Altered Carbon,N/A
Followers,N/A
I Am Not Okay with This,N/A
The Trials of Gabriel Fernandez,N/A
"Hi Bye, Mama!",N/A
Gentefied,N/A
Hyena,Gerard Johnson
Puerta 7,N/A
Spectros,N/A
DreamWorks Shrek's Swamp Stories,N/A
Talking Tom and Friends,N/A
Taj Mahal 1989,N/A
Love Is Blind,N/A
Narcos: Mexico,N/A
We Bare Bears,N/A
Captain Underpants: Epic Choice-o-Rama,Todd Grimes
Better Call Saul,N/A
Dragons: Rescue Riders,N/A
Locke & Key,N/A
My Holo Love,N/A
Who Killed Malcolm X?,N/A
Cagaster of an Insect Cage,N/A
Team Kaylie,N/A
Is It Wrong to Try to Pick Up Girls in a Dungeon?,N/A
Itaewon Class,N/A
Night on Earth: Shot in the Dark,Peter Fison
"No Game, No Life",N/A
Pop Team Epic,N/A
Shopkins,N/A
Diablero,N/A
Luna Nera,N/A
Unauthorized Living,N/A
Ainori Love Wagon: African Journey,N/A
The Stranger,N/A
Find Yourself,N/A
Night on Earth,Jim Jarmusch
Omniscient,N/A
Rise of Empires: Ottoman,N/A
Sons of the Caliphate,N/A
The Ranch,N/A
October Faction,N/A
Saint Seiya: Knights of the Zodiac,N/A
Pandemic: How to Prevent an Outbreak,N/A
Playing with Fire,Andy Fickman
Dreamworks How to Train Your Dragon Legends,Tom Owens
Ares,N/A
Hip-Hop Evolution,"Darby Wheeler, Sam Dunn(co-director), Scot McFadyen(co-director)"
Nailed It! Germany,N/A
Tiny House Nation,N/A
Handsome Siblings,N/A
Soul Eater,N/A
Killer Inside: The Mind of Aaron Hernandez,N/A
The Ollie & Moon Show,N/A
The Healing Powers of Dude,N/A
AJ and the Queen,N/A
Giri/Haji,N/A
Medical Police,N/A
The InBESTigators,N/A
Until Dawn,N/A
Cheer,N/A
Dracula,"Tod Browning, Karl Freund"
Anne with an E,N/A
"Sex, Explained",N/A
,
,
,
,
,
,
,
,
,
,
,
,
,
,
,
,
,
,
,
,
,
,
,
,
,
,
,
,
,
,
,
,
,
,
,
,
,
,
,
,
,
,
,
,
,
,
,
,
,
,
,
,
,
,
,
,
,
,
,
,
,
,
,
,
,
,
,
,
,
,
,
,
,
,
,
,
,
,
,
,
,
,
,
,
,
,
,
,
,
,
,
,
,
,
,
,
,
,
,
,
,
,
,
,
,
,
,
,
,
,
,
,
,
,
,
,
,
,
,
,
,
,
,
,
,
,
,
,
,
,
,
,
,
,
,
,
,
,
,
,
,
,
,
,
,
,
,
,
,
,
,
,
,
,
,
,
,
,
,
,
,
,
,
,
,
,
,
,
,
,
,
,
,
,
,
,
,
,
,
,
,
,
,
,
,
,
,
,
,
,
,
,
,
,
,
,
,
,
,
,
,
,
,
,
,
,
,
,
,
,
,
,
,
,
,
,
,
,
,
,
,
,
,
,
,
,
,
,
,
,
,
,
,
,
,
,
,
,
,
,
,
,
,
,
,
,
,
,
,
,
,
,
,
,
,
,
,
,
,
,
,
,
,
,
,
,
,
,
,
,
,
,
,
,
,
,
,
,
,
,
,
,
,
,
,
,
,
,
,
,
,
,
,
,
,
,
,
,
,
,
,
,
,
,
,
,
,
,
,
,
,
,
,
,
,
,
,
,
,
,
,
,
,
,
,
,
,
,
,
,
,
,
,
,
,
,
,
,
,
,
,
,
,
,
,
,
,
,
,
,
,
,
,
,
,
,
,
,
,
,
,
,
,
,
,
,
,
,
,
,
,
,
,
,
,
,
,
,
,
,
,
,
,
,
,
,
,
,
,
,
,
,
,
,
,
,
,
,
,
,
,
,
,
,
,
,
,
,
,
,
,
,
,
,
,
,
,
,
,
,
,
,
,
,
,
,
,
,
,
,
,
,
,
,
,
,
,
,
,
,
,
,
,
,
,
,
,
,
,
,
,
,
,
,
,
,
,
,
,
,
,
,
,
,
,
,
,
,
,
,
,
,
,
,
,
,
,
,
,
,
,
,
,
,
,
,
,
,
,
,
,
,
,
,
,
,
,
,
,
,
,
,
,
,
,
,
,
,
,
,
,
,
,
,
,
,
,
,
,
,
,
,
,
,
,
,
,
,
,
,
,
,
,
,
,
,
,
,
,
,
,
,
,
,
,
,
,
,
,
,
,
,
,
,
,
,
,
,
,
,
,
,
,
,
,
,
,
,
,
,
,
,
,
,
,
,
,
,
,
,
,
,
,
,
,
,
,
,
,
,
,
,
,
,
,
,
,
,
,
,
,
,
,
,
,
,
,
,
,
,
,
,
,
,
,
,
,
,
,
,
,
,
,
,
,
,
,
,
,
,
,
,
,
,
,
,
,
,
,
,
,
,
,
,
,
,
,
,
,
,
,
,
,
,
,
,
,
,
,
,
,
,
,
,
,
,
,
,
,
,
,
,
,
,
,
,
,
,
,
,
,
,
,
,
,
,
,
,
,
,
,
,
,
,
,
,
,
,
,
,
,
,
,
,
,
,
,
,
,
,
,
,
,
,
,
,
,
,
,
,
,
,
,
,
,
,
,
,
,
,
,
,
,
,
,
,
,
,
,
,
,
,
,
,
,
,
,
,
,
,
,
,
,
,
,
,
,
,
,
,
,
,
,
,
,
,
,
,
,
,
,
,
,
,
,
,
,
,
,
,
,
,
,
,
,
,
,
,
,
,
,
,
,
,
,
,
,
,
,
,
,
,
,
,
,
,
,
,
,
,
,
,
,
,
,
,
,
,
,
,
,
,
,
,
,
,
,
,
,
,
,
,
,
,
,
,
,
,
,
,
,
,
,
,
,
,
,
,
,
,
,
,
,
,
,
,
,
,
,
,
,
,
,
,
,
,
,
,
,
,
,
,
,
,
,
,
,
,
,
,
,
,
,
,
,
,
,
,
,
,
,
,
,
,
,
,
,
,
,
,
,
,
,
,
,
,
,
,
,
,
,
,
,
,
,
,
,
,
,
,
,
,
,
,
,
,
,
,
,
,
,
,
,
,
,
,
,
,
,
,
,
,
,
,
,
,
,
,
,
,
,
,
,
,
,
,
,
,
,
,
,
,
,
,
,
,
,
,
,
,
,
,
,
,
,
,
,
,
,
,
,
,
,
,
,
,
,
,
,
,
,
,
,
,
,
,
,
,
,
,
,
,
,
,
,
,
,
,
,
,
,
,
,
,
,
,
,
,
,
,
,
,
,
,
,
,
,
,
,
,
,
,
,
,
,
,
,
,
,
,
,
,
,
,
,
,
,
,
,
,
,
,
,
,
,
,
,
,
,
,
,
,
,
,
,
,
,
,
,
,
,
,
,
,
,
,
,
,
,
,
,
,
,
,
,
,
,
,
,
,
,
,
,
,
,
,
,
,
,
,
,
,
,
,
,
,
,
,
,
,
,
,
,
,
,
,
,
,
,
,
,
,
,
,
,
,
,
,
,
,
,
,
,
,
,
,
,
,
,
,
,
,
,
,
,
,
,
,
,
,
,
,
,
,
,
,
,
,
,
,
,
,
,
,
,
,
,
,
,
,
,
,
,
,
,
,
,
,
,
,
,
,
,
,
,
,
,
,
,
,
,
,
,
,
,
,
,
,
,
,
,
,
,
,
,
,
,
,
,
,
,
,
,
,
,
,
,
,
,
,
,
,
,
,
,
,
,
,
,
,
,
,
,
,
,
,
,
,
,
,
,
,
,
,
,
,
,
,
,
,
,
,
,
,
,
,
,
,
,
,
,
,
,
,
,
,
,
,
,
,
,
,
,
,
,
,
,
,
,
,
,
,
,
,
,
,
,
,
,
,
,
,
,
,
,
,
,
,
,
,
,
,
,
,
,
,
,
,
,
,
,
,
,
,
,
,
,
,
,
,
,
,
,
,
,
,
,
,
,
,
,
,
,
,
,
,
,
,
,
,
,
,
,
,
,
,
,
,
,
,
,
,
,
,
,
,
,
,
,
,
,
,
,
,
,
,
,
,
,
,
,
,
,
,
,
,
,
,
,
,
,
,
,
,
,
,
,
,
,
,
,
,
,
,
,
,
,
,
,
,
,
,
,
,
,
,
,
,
,
,
,
,
,
,
,
,
,
,
,
,
,
,
,
,
,
,
,
,
,
,
,
,
,
,
,
,
,
,
,
,
,
,
,
,
,
,
,
,
,
,
,
,
,
,
,
,
,
,
,
,
,
,
,
,
,
,
,
,
,
,
,
,
,
,
,
,
,
,
,
,
,
,
,
,
,
,
,
,
,
,
,
,
,
,
,
,
,
,
,
,
,
,
,
,
,
,
,
,
,
,
,
,
,
,
,
,
,
,
,
,
,
,
,
,
,
,
,
,
,
,
,
,
,
,
,
,
,
,
,
,
,
,
,
,
,
,
,
,
,
,
,
,
,
,
,
,
,
,
,
,
,
,
,
,
,
,
,
,
,
,
,
,
,
,
,
,
,
,
,
,
,
,
,
,
,
,
,
,
,
,
,
,
,
,
,
,
,
,
,
,
,
,
,
,
,
,
,
,
,
,
,
,
,
,
,
,
,
,
,
,
,
,
,
,
,
,
,
,
,
,
,
,
,
,
