Title,Country
Mr. Romantic,South Korea
Fifty Year Old Teenager,Kuwait
Lock Your Girls In,np.nan
Raya and Sakina,np.nan
Sayed the Servant,np.nan
Especial 20 años Fútbol de Primera,np.nan
Match,United States
"Sí, Mi Amor",Peru
Hangar 1: The UFO Files,np.nan
Hoarders,United States
The Universe: Ancient Mysteries Solved,np.nan
Thomas & Friends: Marvelous Machinery: A New Arrival,Finland
Thomas & Friends: Marvelous Machinery: World of Tomorrow,Finland
Thomas & Friends: Thomas and the Royal Engine,Finland
Lembi 8 Giga,Egypt
دفعة القاهرة,np.nan
DreamWorks Spooky Stories: Volume 2,np.nan
The Circle France,"France, United Kingdom"
Pokémon the Series,np.nan
Bal Ganesh,np.nan
Tree House Tales,np.nan
Wassup Man GO!,np.nan
7SEEDS,Japan
Barbie Dreamhouse Adventures: Go Team Roberts,np.nan
Archibald's Next Big Thing,United States
Digs & Discoveries: All Track's Lead to Rome,Canada
Digs & Discoveries: Mines of Mystery,Canada
Steam Team to the Rescue,np.nan
Alakada Reloaded,Nigeria
Angu Vaikuntapurathu (Malayalam),np.nan
Calico Critters Mini Episodes Clover,np.nan
Calico Critters: Everyone's Big Dream Flying in the Sky,np.nan
Velvet Colección: Grand Finale,np.nan
The Visit,"United States, Japan"
Passion. Panache. Pep,np.nan
Monster High: Electrified,np.nan
Palazuelos mi rey,np.nan
My Holo Love,South Korea
Find Yourself,China
Rise of Empires: Ottoman,United States
The Healing Powers of Dude,United States
Chhota Bheem Kung Fu Dhamaka Series,np.nan
Luccas Neto in: Children's Day,np.nan
Riot,United States
Pucca: Love Recipe,South Korea
The Degenerates,United States
The Vendor,np.nan
Falz Experience,np.nan
The First Lady,"United States, Canada, United Kingdom"
Holy Expectations,np.nan
Seven and a half dates,Nigeria
Zero Hour,United States
Celebrity Marriage,Nigeria
Triad Princess,Taiwan
Space Jungle,np.nan
Lagos Real Fake Life,Nigeria
The Charming Stepmom,Thailand
Little Singham: Mahabali,np.nan
True: Winter Wishes,np.nan
Miss Culinary,np.nan
Westside Story,United States
The House of Flowers Presents: The Funeral,np.nan
Sleepless Society: Bedtime Wishes,Thailand
Tunnel,South Korea
My Next Guest with David Letterman and Shah Rukh Khan,np.nan
Little Singham: Kaal Ki Tabaahi,np.nan
"ChuChu TV Kids Songs, Learning Videos & Bedtime Stories",np.nan
ChuChuTV Bedtime Stories & Moral Stories for Kids (English),np.nan
ChuChuTV Bedtime Stories & Moral Stories for Kids (Hindi),np.nan
ChuChuTV Surprise Eggs Learning Videos (English),np.nan
ChuChuTV Surprise Eggs Learning Videos (Hindi),np.nan
In My Country,"United Kingdom, Ireland, South Africa"
MONKART,South Korea
Beyblade Burst Turbo,np.nan
GEN HOSHINO STADIUM TOUR “POP VIRUS”,Japan
Super Monsters,"Canada, United States"
Little Baby Bum: Go Buster,np.nan
Cultivating the Seas: History and Future of the Full-Cycle Cultured Kindai Tuna,np.nan
Oh! Baby (Malayalam),np.nan
Oh! Baby (Tamil),np.nan
Criminal: France,France
Top Boy,United Kingdom
Loo Loo Kids: Johny & Friends Musical Adventures,np.nan
Back to School,np.nan
Styling Hollywood,np.nan
HERO MASK,Japan
Game Over (Hindi Version),np.nan
Game Over (Telugu Version),np.nan
Happy Jail,np.nan
Colin Quinn: Red State Blue State,United States
Léa & I,"France, Czech Republic"
Whitney Cummings: Can I Touch It?,np.nan
Extreme Engagement,np.nan
PILI Fantasy: War of Dragons,Taiwan
True Tunes,np.nan
Kakegurui,Japan
Answer for Heaven,np.nan
El desconocido,np.nan
Killer Ratings,np.nan
Hyper HardBoiled Gourmet Report,np.nan
The Lonely Island Presents: The Unauthorized Bash Brothers Experience,np.nan
ReMastered: The Lion's Share,np.nan
I Hear You,China
Jailbirds,Germany
Away From Home,Turkey
Bibik-Bibikku,np.nan
Cinta 100KG,np.nan
Cinta Iris,np.nan
Cinta Si Wedding Planner,Malaysia
Cinta Teruna Kimchi,np.nan
Secret of Success,np.nan
The Missing Menu,np.nan
Unchained Fate,np.nan
I Have a Script,np.nan
What If?,np.nan
K.O. One Re-act,Taiwan
KO One Return,np.nan
The Hateful Eight: Extended Version,United States
Grass Is Greener,np.nan
Brené Brown: The Call to Courage,np.nan
HOMECOMING: A film by Beyoncé,United States
Super Monsters Furever Friends,np.nan
Petta (Telugu Version),np.nan
Ricardo Quevedo: Los amargados somos más,np.nan
Kicko & Super Speedo,India
The Terminal,United States
The Eagle of El-Se'eed,np.nan
The 10 Sins,np.nan
Antoine Griezmann: The Making of a Legend,np.nan
February 9,np.nan
My Pride,Canada
The Disappearance of Madeleine McCann,United States
Jimmy Carr: The Best of Ultimate Gold Greatest Hits,United Kingdom
Bangkok Love Stories: Hey You!,np.nan
The Confrontation,Hungary
Sarkar,India
Larva Island,South Korea
Losers,np.nan
Sarvam Thaala Mayam (Tamil Version),np.nan
Larry Charles' Dangerous World of Comedy,np.nan
The 43,Argentina
Paprika,Japan
Maharaja: The Story of Ranjit Singh,India
"Gabriel ""Fluffy"" Iglesias: One Show Fits All",np.nan
Alt-Right: Age of Rage,np.nan
The Perfect Match,United States
Memory Love,np.nan
Trigger Warning with Killer Mike,np.nan
Back with the Ex,np.nan
El Potro: Unstoppable,np.nan
See You in Time,np.nan
Déjà Vu,np.nan
Bill Hicks: Reflections,np.nan
Gina Yashere: Laughing to America,np.nan
Taylor Swift reputation Stadium Tour,np.nan
Pioneers: First Women Filmmakers*,np.nan
The Birth Reborn 3,np.nan
Demon's Path,np.nan
Single Ladies Senior,np.nan
Inside the Real Narcos,np.nan
Free Rein: The Twelve Neighs of Christmas,np.nan
ReMastered: Who Killed Jam Master Jay?,np.nan
Super Monsters and the Wish Star,np.nan
RUSSELL BRAND: RE:BIRTH,np.nan
Haunted House,np.nan
Oddbods: The Festive Menace,np.nan
Kulipari: Dream Walker,np.nan
Paap-O-Meter,India
Beyblade Burst Evolution,np.nan
Loudon Wainwright III: Surviving Twin,np.nan
Brainchild,np.nan
The Great British Baking Show: The Beginnings,np.nan
Been So Long,np.nan
Baahubali: The Beginning (English Version),np.nan
Derren Brown: Sacrifice,United Kingdom
Oddbods: Party Monsters,np.nan
Edgar Rice Burroughs' Tarzan and Jane,np.nan
FIGHTWORLD,np.nan
Ordinary Heroes,np.nan
Salt Fat Acid Heat,np.nan
Dancing Queen,np.nan
Super Monsters Save Halloween,np.nan
Violet Evergarden: Special,np.nan
Joe Rogan: Strange Times,np.nan
Monty Python Conquers America,np.nan
Dushman,India
Freedom at Midnight,np.nan
The Birth Reborn,np.nan
Battlefish,np.nan
Boca Juniors Confidential,Argentina
Super Monsters Monster Party,np.nan
If I were an Animal,np.nan
Show Me the Money,np.nan
First and Last,np.nan
Ultimate Beastmaster México,np.nan
Bert Kreischer: Secret Time,np.nan
Pretty Man,np.nan
Dinotrux Supercharged,np.nan
Camarón Revolution,np.nan
True: Magical Friends,np.nan
True: Wonderful Wishes,np.nan
Dance & Sing with True,np.nan
Pocoyo & Cars,np.nan
Pocoyo Carnival,np.nan
Pocoyo Halloween: Spooky Movies,np.nan
Pocoyo Special Sports,np.nan
Spiritual House,np.nan
Bobby Kennedy for President,np.nan
Goodnight DJ 1,np.nan
Moving On,np.nan
Trio and a Bed,np.nan
海的儿子,np.nan
Yoo Byung Jae: Too Much Information,np.nan
Expedition China,np.nan
Fred Armisen: Standup For Drummers,np.nan
Kavin Jay: Everybody Calm Down!,np.nan
Countdown to Death: Pablo Escobar,np.nan
Tundukkan Playboy Itu,np.nan
Wadi,np.nan
Part-Time Idol,np.nan
Cheuk Wan-Chi: Two Night Stand,np.nan
Dawai Asmara,np.nan
Padamu Aku Bersujud,np.nan
Trailer Park Boys: Out of the Park: USA,np.nan
Bright: The Music Videos,np.nan
Akulah Balqis,np.nan
The Family Court,np.nan
The Golden Path,np.nan
The Little Nyonya,np.nan
The Truth,np.nan
In Laws,np.nan
Laws of Attraction,np.nan
Justice in the City,np.nan
Mak Cun,np.nan
Out of Thin Air,np.nan
Satu Hari,np.nan
Joaquín Reyes: Una y no más,np.nan
"Alias JJ, la celebridad del mal",np.nan
Baahubali 2: The Conclusion (Malayalam Version),np.nan
Baahubali 2: The Conclusion (Tamil Version),np.nan
Baahubali: The Beginning (Malayalam Version),np.nan
Baahubali: The Beginning (Tamil Version),np.nan
"Have You Ever Fallen in Love, Miss Jiang?",np.nan
Love Storm,np.nan
Maz Jobrani: Immigrant,np.nan
Surviving Escobar - Alias JJ,np.nan
Breakout,np.nan
Spice Up,np.nan
Miniforce,np.nan
Hasan Minhaj: Homecoming King,np.nan
All Hail King Julien: Exiled,np.nan
Five Came Back,np.nan
Santa Pac's Merry Berry Day,np.nan
Pac's Scary Halloween,np.nan
"Karol Modzelewski, Łukasz „Lotek” Lodkowski No Offense",np.nan
"Katarzyna Piasecka, Rafał Pacześ Seriously Funny",np.nan
"Mariusz Kałamaga, Karol Kopiec, Wiolka Walaszczyk Hilarious Trio",np.nan
"Rafał Banaś, Michał Leja Laugh out Loud",np.nan
The Best of Rafał Rutkowski Olka Szczęśniak,np.nan
"Tomasz Jachimek, Jacek Stramik Laugh at Live",np.nan
Chef's Table: France,np.nan
Justin Time GO!,np.nan
Masha's Tales,np.nan
Wakfu: The Quest for the Six Eliatrope Dofus,np.nan
Iliza Shlesinger: Freezing Hot,np.nan
Feb-09,np.nan
แผนร้ายนายเจ้าเล่ห์,np.nan
13TH: A Conversation with Oprah Winfrey & Ava DuVernay,np.nan
3 Deewarein,np.nan
5 Cowok Jagoan,np.nan
A Mission in an Old Movie,np.nan
Age of Glory,np.nan
Antariksha Ke Rakhwale,np.nan
Bangkok Bachelors,np.nan
Beauty and the Bitches,np.nan
Behind the Newsroom,np.nan
Best Neighbors,np.nan
Bheemayan,np.nan
Bob Ross: Beauty Is Everywhere,np.nan
Border Patrol,np.nan
Bringing Sexy Back,np.nan
Buddha,np.nan
"Bure Kaam Bura Natija, Kyun Bhai Chacha Haan Bhatija",np.nan
Calico Critters,np.nan
Calico Critters: A Town of Dreams,np.nan
Calico Critters: The Treasure of Calico Village,np.nan
Castle of Stars,np.nan
Chhota Bheem Aur Kaala Yodha,np.nan
Chhota Bheem Ka Romani Adventure,np.nan
Chhota Bheem Ka Troll Se Takkar,np.nan
Chill with Bob Ross,np.nan
Chingo Bling: They Can't Deport Us All,np.nan
Club Friday The Series 6,np.nan
Club Friday The Series 7,np.nan
Club Friday The Series 8,np.nan
Club Friday To Be Continued - Friend & Enemy,np.nan
Club Friday To Be Continued - My Beautiful Tomboy,np.nan
Club Friday To Be Continued - The Promise,np.nan
Comedy High School,np.nan
Convict,np.nan
Cop Watchers,np.nan
Desolate,np.nan
Diva Brides,np.nan
Dragonkala Ka Rahasya,np.nan
Earth's Natural Wonders: Life at the Extremes,np.nan
El Viaje: Márama y Rombai,np.nan
Elles étaient en guerre 1939-1945,np.nan
Elles ont toutes une histoire,np.nan
Encerrados,np.nan
Enemigo íntimo,np.nan
Eurovision Song Contest,np.nan
Exclusive Edition,np.nan
Fatal Destiny,np.nan
Fishpeople,np.nan
Fit for Fashion,np.nan
Food: Delicious Science,np.nan
Glowing Embers,np.nan
Ha Unlimited,np.nan
Harlem Globetrotters: The Team That Changed the World,np.nan
Homeland,np.nan
Hostages,np.nan
How to Live Mortgage Free with Sarah Beeny,np.nan
Hyori's Bed & Breakfast,np.nan
I Dream Of Dance,np.nan
It's Fine,np.nan
최강전사 미니특공대 : 영웅의 탄생,np.nan
Jake's Buccaneer Blast,np.nan
Jis Desh Men Ganga Behti Hai,np.nan
John Mellencamp: Plain Spoken,np.nan
Jugaad,np.nan
Kikoriki,np.nan
Kingdoms of the Sky,np.nan
Kiss The Series,np.nan
Kon Kon Kon,np.nan
Krish Trish and Baltiboy,np.nan
Krish Trish and Baltiboy: Battle of Wits,np.nan
Krish Trish and Baltiboy: Best Friends Forever,np.nan
Krish Trish and Baltiboy: Comics of India,np.nan
Krish Trish and Baltiboy: Oversmartness Never Pays,np.nan
Krish Trish and Baltiboy: Part II,np.nan
Krish Trish and Baltiboy: The Greatest Trick,np.nan
Krishna Balram,np.nan
Kuppivala,np.nan
La Femme,np.nan
"LeapFrog: Sing-along, Read-along",np.nan
Lego Friends,np.nan
LEGO House - Home of the Brick,np.nan
Leo & Tig,np.nan
Listen Up! The Lives of Quincy Jones,np.nan
Little Singham aur Kaal ka Mahajaal,np.nan
Little Singham Bandarpur Mein Hu Ha Hu,np.nan
Little Singham in London,np.nan
Los 10 años de Peter Capusotto,np.nan
Los Niños Héroes de Chapultepec,np.nan
Love Rhythms - Accidental Daddy,np.nan
Man vs Wild with Sunny Leone,np.nan
Mark Gatiss: A Study in Sherlock,np.nan
Marvel & ESPN Films Present: 1 of 1: Genesis,np.nan
Melodies of Life - Born This Way,np.nan
Mere Papa Hero Hiralal,np.nan
Mighty Morphin Alien Rangers,np.nan
Money for Nothing,np.nan
My Life My Story,np.nan
My Only Mother,np.nan
My Wife and My Wifey,np.nan
National Lampoon's Loaded Weapon 1,np.nan
"Nightmare Tenants, Slum Landlords",np.nan
Nuestra Lucha Libre,np.nan
"O-Negative, Love Can’t Be Designed",np.nan
Oh My Ghost 4,np.nan
Operation Odessa,np.nan
Phamous,np.nan
Power Battle Watch Car,np.nan
Power Rangers Dino Super Charge,np.nan
Power Rangers Super Megaforce,np.nan
Power Rangers Super Samurai,np.nan
Prince Jai Aur Dumdaar Viru,np.nan
Queens of Comedy,np.nan
Queens vs. Kings,np.nan
Rab Se Sohna Isshq,np.nan
Reality of Dream,np.nan
Refugee,np.nan
Revenge,np.nan
Roots,np.nan
Samudri Lootere,np.nan
Satrangi,np.nan
Strongland,np.nan
Swami Baba Ramdev: The Untold Story,np.nan
Teenage Mutant Ninja Turtles: The Movie,np.nan
The Adjusters,np.nan
The Bachelor,np.nan
The Beat,np.nan
The Bulbul's Nest,np.nan
The Gospel of Mark,np.nan
The Gospel of Matthew,np.nan
The Homecoming,np.nan
The Irish Mob,np.nan
The Kindness Diaries,np.nan
The Liar,np.nan
The Naked Gun 2 1/2: The Smell of Fear,np.nan
The Perfect Day,np.nan
The Republic of Imbaba,np.nan
The Underwear,np.nan
Three-Quarters Decent,np.nan
Timeless Season,np.nan
Timeline,np.nan
Tom and Jerry: The Magic Ring,np.nan
Towies,np.nan
Tremors 2: Aftershocks,np.nan
ViR: The Robot Boy,np.nan
Wake Up,np.nan
Westside vs. the World,np.nan
World's Weirdest Homes,np.nan
Yoko,np.nan
YOM,np.nan
Zombie Dumb,np.nan
