title,country
Ganglands,France
Jailbirds New Orleans,United States
Midnight Mass,United States
My Little Pony: A New Generation,"United States, Ireland, Canada"
Bangkok Breaking,Thailand
Confessions of an Invisible Girl,Brazil
Crime Stories: India Detectives,India
Intrusion,United States
Jaguar,Spain
Monsters Inside: The 24 Faces of Billy Milligan,United States
Avvai Shanmughi,np.nan
Go! Go! Cory Carson: Chrissy Takes the Wheel,United States
Minsara Kanavu,np.nan
Ankahi Kahaniya,India
Chicago Party Aunt,United States
Squid Game,South Korea
Tayo and Little Wizards,np.nan
The Father Who Moves Mountains,"Romania, Sweden"
The Stronghold,France
My Heroes Were Cowboys,United States
The Smart Money Woman,Nigeria
Nightbooks,United States
Schumacher,Germany
Too Hot To Handle: Latino,"Mexico, Spain"
A StoryBots Space Adventure,United States
The World's Most Amazing Vacation Rentals,United States
You vs. Wild: Out Cold,United States
Little Singham - Black Shadow,np.nan
Tughlaq Durbar,India
Tughlaq Durbar (Telugu),np.nan
Firedrake the Silver Dragon,np.nan
Metal Shop Masters,United States
Pokémon Master Journeys: The Series,np.nan
Prey,United States
Titipo Titipo,Germany
Blood Brothers: Malcolm X & Muhammad Ali,United States
Mighty Raju,np.nan
JJ+E,Sweden
Tobot Galaxy Detectives,South Korea
Countdown: Inspiration4 Mission to Space,United States
Shadow Parties,np.nan
Money Heist: From Tokyo to Berlin,Spain
Worth,"United Kingdom, Canada, United States"
Afterlife of the Party,United States
Here and There,France
Hotel Del Luna,South Korea
Luv Kushh,India
Agatha Christie's Crooked House,np.nan
Barbie Big City Big Dreams,United States
Brave Animated Series,Taiwan
How to Be a Cowboy,United States
HQ Barbers,np.nan
Oldsters,np.nan
The Nutty Professor II: The Klumps,United States
Turning Point: 9/11 and the War on Terror,United States
Untold: Crime & Penalties,np.nan
Hometown Cha-Cha-Cha,South Korea
The Ingenuity of the Househusband,Japan
Bread Barbershop,"South Korea, Canada"
Deadly Sins,"Canada, United States"
He's All That,United States
I Heart Arlo,United States
RIDE ON TIME,United Kingdom
SAS: Rise of the Black Swan,np.nan
Titletown High,United States
"Bob Ross: Happy Accidents, Betrayal & Greed",United States
Clickbait,"Australia, United States"
John of God: The Crimes of a Spiritual Healer,Brazil
Motel Makeover,United States
Open Your Eyes,"Spain, France, Italy"
Post Mortem: No One Dies in Skarnes,Norway
The River Runner,United States
Oggy Oggy,np.nan
Untold: Caitlyn Jenner,United States
Boomika,India
Boomika (Hindi),np.nan
Boomika (Malayalam),np.nan
Boomika (Telugu),np.nan
The Witcher: Nightmare of the Wolf,"South Korea, United States, Japan, Poland, China"
Comedy Premium League,India
Everything Will Be Fine,"Denmark, Sweden, France"
Gunshot,Egypt
Korean Cold Noodle Rhapsody,United States
Man in Love,"Taiwan, China, Hong Kong, United States"
The Chair,United States
The Loud House Movie,"United States, Philippines, Austria"
A Faraway Land,Philippines
Black Island,Germany
Memories of a Murderer: The Nilsen Tapes,United Kingdom
Nneka The Pretty Serpent,Nigeria
O Kadhal Kanmani,India
Out of my league,Italy
The Defeated,"France, Germany, Canada"
The Secret Diary of an Exchange Student,Brazil
Untold: Deal With the Devil,United States
Unroyal,Nigeria
I Need Romance,South Korea
Takizawa Kabuki ZERO 2020 The Movie,np.nan
Car Masters: Rust to Riches,United States
Shiny_Flakes: The Teenage Drug Lord,Germany
Top Secret UFO Projects: Declassified,United States
Darwin’s Game,Japan
Friday Night Lights,United States
The Lost Café,"Nigeria, Norway"
The Vault,"Spain, France"
Centaurworld,United States
I'm Glad I Did,Turkey
Khawatir,Saudi Arabia
Myth & Mogul: John DeLorean,United States
The Last Mercenary,France
Resort to Love,United States
Tattoo Redo,United States
The Snitch Cartel: Origins,Colombia
Hostage House,United States
Mimi,India
Plastic Cup Boyz: Laughing My Mask Off!,United States
African America,South Africa
Bankrolled,Mexico
Blood Red Sky,"Germany, United States"
Feels Like Ishq,India
Kingdom: Ashin of the North,South Korea
Masters of the Universe: Revelation,United States
Revelations: The Masters of the Universe: Revelation Aftershow,United States
9to5: The Story of a Movement,United States
Chhota Bheem & Ganesh,India
Chhota Bheem & Krishna: Mayanagari,India
Chhota Bheem & Krishna: Pataliputra- City of the Dead,India
Chhota Bheem and The ShiNobi Secret,India
Chhota Bheem Ka Roosi Romanch,India
Words Bubble Up Like Soda Pop,Japan
Sexy Beasts,United Kingdom
Too Hot to Handle: Brazil,Brazil
Trollhunters: Rise of the Titans,"United States, Mexico, China, India"
Touch Your Heart,South Korea
2 Weeks in Lagos,Nigeria
Naomi Osaka,United States
Cheech & Chong's Still Smokin,Canada
Emicida: AmarElo - Live in São Paulo,Brazil
My Amanda,Philippines
The Unknown Saint,"Morocco, France, Qatar"
Gunpowder Milkshake,"France, Germany, United States"
Heist,"Canada, United States"
My Unorthodox Life,United States
Private Network: Who Killed Manuel Buendía?,Mexico
The Guide to the Perfect Family,Canada
Day of Destiny,Nigeria
The Stand-Up,USA
The Tour,United Kingdom
Finding Hubby,Nigeria
How to Become a Tyrant,United States
Last Summer,Turkey
Lee Su-geun: The Sense Coach,South Korea
Lethal Love,Canada
The Cook of Castamar,Spain
Elize Matsunaga: Once Upon a Crime,Brazil
Awon Boyz,Nigeria
Cat People,United States
Clash,"Egypt, France, Germany, United Arab Emirates"
Major Grom: Plague Doctor,Russia
Mama Drama,United States
The War Next-door,Mexico
Therapy,France
Three Thieves,Soviet Union
You Are My Spring,South Korea
Big Timber,Canada
Audible,United States
Dynasty Warriors,"Hong Kong, China, Japan"
Generation 56k,Italy
Masameer County,Saudi Arabia
Mobile Suit Gundam Hathaway,Japan
Quarantine Tales,Indonesia
Sailor Moon Crystal,Japan
Working Title,"United States, Canada"
Deranged,Canada
Legend of Exorcism,China
Mommy Issues,Philippines
Prime Time,Poland
Sophie: A Murder in West Cork,United Kingdom
A Way Back Home,United States
Wanted,"United States, Germany, Russia"
Into the Wind,Poland
Ray,United States
Godzilla Singular Point,Japan
Jiva!,South Africa
Sisters on Track,United States
Good on Paper,United States
Murder by the Coast,Spain
The House of Flowers: The Movie,Mexico
The Parisian Agency: Exclusive Properties,France
Broken,United Kingdom
This Is Pop,Canada
"Nevertheless,",South Korea
Mobile Suit Gundam II: Soldiers of Sorrow,Japan
Mobile Suit Gundam III: Encounters in Space,Japan
Mobile Suit Gundam: Char's Counterattack,Japan
A Family,Denmark
Jagame Thandhiram,"United Kingdom, India"
Mobile Suit Gundam I,Japan
So Not Worth It,South Korea
The Rational Life,China
Ali & Ratu Ratu Queens,United States
Besieged Bread,"Syria, Lebanon"
Elite Short Stories: Carla Samuel,Spain
Record of Ragnarok,Japan
Elite Short Stories: Omar Ander Alexis,Spain
Let's Eat,South Korea
Penguin Town,South Africa
Silver Skates,Russia
Beyond Evil,South Korea
Elite Short Stories: Nadia Guzmán,Spain
Headspace: Unwind Your Mind,United States
Elite Short Stories: Guzmán Caye Rebe,Spain
Trese After Dark,United States
Racket Boys,South Korea
Seven Souls in the Skull Castle: Season Moon Jogen,Japan
Seven Souls in the Skull Castle: Season Moon Kagen,Japan
The Girl King,"Finland, Canada, Germany, Sweden, France"
One Lagos Night,Nigeria
Word of Honor,China
Eden,United States
Gatao - The Last Stray,Taiwan
High on the Hog: How African American Cuisine Transformed America,United States
Nail Bomber: Manhunt,United Kingdom
A Place in the Stars,Nigeria
Mad for Each Other,South Korea
Creating an Army of the Dead,United States
Strain,United States
678,Argentina
Love or Money,Philippines
The Mystic River,"United States, Nigeria"
Use For My Talent,China
Dear Affy,Nigeria
Angelina Ballerina,"United Kingdom, Hungary"
Dead Again in Tombstone,USA
Motu Patlu in Wonderland,India
Motu Patlu: Deep Sea Adventure,India
Motu Patlu: Mission Moon,India
Pet Stars,United States
Seven,Japan
The Innocent,Spain
The Mitchells vs. The Machines,"United States, Hong Kong, Canada"
The Unremarkable Juanquini,Colombia
Things Heard & Seen,United States
Yasuke,"Japan, United States"
Headspace Guide to Sleep,United States
Perfume Imaginary Museum “Time Warp”,Japan
Wild Dog,India
Keymon and Nani in Space Adventure,India
Motu Patlu Dino Invasion,India
Dancing Angels,"USA, Germany"
Don't be the First one,South Korea
Dolly Parton: A MusiCares Tribute,United States
The Wedding Coach,United States
The Last Kids on Earth: Happy Apocalypse to You,United States
Glimpses of a Future,Lebanon
Seven Souls in the Skull Castle: Season Bird,Japan
Seven Souls in the Skull Castle: Season Wind,Japan
Black Is Beltza,Spain
Reframe THEATER EXPERIENCE with you,Japan
Audrey,"United Kingdom, United Arab Emirates"
Quiet,United States
Last Chance U: Basketball,United States
Marriage or Mortgage,United States
Pokémon Journeys: The Series,Japan
A Perfect Day For Arsenide,Hong Kong
Connected,"China, Hong Kong"
Ginny & Georgia - The Afterparty,Austria
The Last Bastion,Australia
Thus Spoke Kishibe Rohan,Japan
Hire a Woman,Nigeria
She Is,Nigeria
Chris Rock Total Blackout: The Tamborine Extended Cut,United States
Korean Pork Belly Rhapsody,South Korea
Running Man,South Korea
Best of Stand-Up 2020,United States
Ma Rainey's Black Bottom: A Legacy Brought to Screen,United States
A Trash Truck Christmas,United States
Super Monsters: Santa’s Super Monster Helpers,"Canada, USA"
The Great British Baking Show: Holidays,United Kingdom
Chico Bon Bon and the Very Berry Holiday,United States
Andhaghaaram,India
Heart & Soul,"United States, Australia, Spain"
The Beginning of Life,Brazil
Kongsuni and Friends,South Korea
La Gran Ilusión,Spain
Unsolved Mysteries,United States
Journey of an African Colony,Nigeria
The American Game,United States
Mighty Little Bheem,India
My Mother's Wound,"Turkey, Bosnia and Herzegovina, Serbia and Montenegro"
High & Low The Worst,United States
Fukrey Boyzzz,India
Wonho Chung: Live in New York,United States
The Witcher: A Look Inside the Episodes,United Kingdom
Little Singham: Kaal Ka Badla,India
Dérè: An African Tale,United States
Beyond the Boundary: ICC Women's T20 World Cup Australia 2020,United Arab Emirates
Diamonds in the Sky,India
Selling Sunset,United States
Sin City,United States
Unlucky Ploy,Thailand
Street Food: Latin America,United States
Your Excellency,Nigeria
PNL - Dans la légende tour,France
El límite infinito,Argentina
The Light of My Eyes,Egypt
Alone,United States
Mr. Romantic,South Korea
Fifty Year Old Teenager,Kuwait
Match,United States
"Sí, Mi Amor",Peru
Hoarders,United States
Thomas & Friends: Marvelous Machinery: A New Arrival,Finland
Thomas & Friends: Marvelous Machinery: World of Tomorrow,Finland
Thomas & Friends: Thomas and the Royal Engine,Finland
Lembi 8 Giga,Egypt
The Circle France,"France, United Kingdom"
7SEEDS,Japan
Archibald's Next Big Thing,United States
Digs & Discoveries: All Track's Lead to Rome,Canada
Digs & Discoveries: Mines of Mystery,Canada
Alakada Reloaded,Nigeria
The Visit,"United States, Japan"
My Holo Love,South Korea
Find Yourself,China
Rise of Empires: Ottoman,United States
The Healing Powers of Dude,United States
Riot,United States
Pucca: Love Recipe,South Korea
The Degenerates,United States
The First Lady,"United States, Canada, United Kingdom"
Seven and a half dates,Nigeria
Zero Hour,United States
Celebrity Marriage,Nigeria
Triad Princess,Taiwan
Lagos Real Fake Life,Nigeria
The Charming Stepmom,Thailand
Westside Story,United States
Sleepless Society: Bedtime Wishes,Thailand
Tunnel,South Korea
In My Country,"United Kingdom, Ireland, South Africa"
MONKART,South Korea
GEN HOSHINO STADIUM TOUR “POP VIRUS”,Japan
Super Monsters,"Canada, United States"
Criminal: France,France
Top Boy,United Kingdom
HERO MASK,Japan
Colin Quinn: Red State Blue State,United States
Léa & I,"France, Czech Republic"
PILI Fantasy: War of Dragons,Taiwan
Kakegurui,Japan
I Hear You,China
Jailbirds,Germany
Away From Home,Turkey
Cinta Si Wedding Planner,Malaysia
K.O. One Re-act,Taiwan
The Hateful Eight: Extended Version,United States
HOMECOMING: A film by Beyoncé,United States
Kicko & Super Speedo,India
The Terminal,United States
My Pride,Canada
The Disappearance of Madeleine McCann,United States
Jimmy Carr: The Best of Ultimate Gold Greatest Hits,United Kingdom
The Confrontation,Hungary
Sarkar,India
Larva Island,South Korea
The 43,Argentina
Paprika,Japan
Maharaja: The Story of Ranjit Singh,India
The Perfect Match,United States
Paap-O-Meter,India
Derren Brown: Sacrifice,United Kingdom
Dushman,India
Boca Juniors Confidential,Argentina
