Title,Director/Writer/Creator
Blood & Water,
Jailbirds New Orleans,
Kota Factory,"Saurabh Khanna, Arunabh Kumar, Raghav Subbu"
"Vendetta: Truth, Lies and The Mafia",Error or Not Found
Crime Stories: India Detectives,
Dear White People,Justin Simien
Falsa identidad,Error or Not Found
Jaguar,"Ramón Campos, Gema R. Neira"
Resurrection: Ertugrul,Error or Not Found
Love on the Spectrum,
Chicago Party Aunt,"Jon Barinholtz, Katie Rich, Chris Witaske"
Sex Education,Laurie Nunn
Squid Game,
Tayo and Little Wizards,Error or Not Found
Angry Birds Toons,"Lauri Konttori, Mikael Hed, Mikko Pöllä"
Chhota Bheem,
He-Man and the Masters of the Universe,
Castle and Castle,Error or Not Found
Dharmakshetra,
Nailed It,
Numberblocks,Joe Elliot
Raja Rasoi Aur Anya Kahaniyan,
Saved by the Bell,Sam Bobrick
Stories by Rabindranath Tagore,
Too Hot to Handle: Latino,
Jack Whitehall: Travels with My Father,
The World's Most Amazing Vacation Rentals,
Yowamushi Pedal,Wataru Watanabe
Lucifer,Tom Kapinos
Metal Shop Masters,
Pokémon Master Journeys: The Series,Error or Not Found
Titipo Titipo,
Mighty Raju,
Into the Night,Jason George
The Circle,
Kid Cosmic,"Craig McCracken, Lauren Faust, Francisco Angones"
Octonauts: Above & Beyond,
On the Verge,Julie Delpy
Tobot Galaxy Detectives,
"Tayo, the Little Bus",
Bunk'd,Pamela Eells
Dive Club,Steve Jaggi
La casa de papel,Error or Not Found
Sharkdog,Jacinth Tan
Heroes of Goo Jit Zu,
Hotel Del Luna,
Luv Kushh,
Pororo the Little Penguin,
Q-Force,Gabe Liedman
Brave Animated Series,
How to Be A Cowboy,
Kid-E-Cats,"Andrey Sikorsky, Dmitriy Vysotskiy"
Kuroko's Basketball,
Major Dad,"Richard C. Okie, Earl Pomerantz, John G. Stephens"
Oldsters,Error or Not Found
Turning Point: 9/11 and the War on Terror,
Sparking Joy with Marie Kondo,
Hometown Cha-Cha-Cha,
The Ingenuity of the Househusband,
Bread Barbershop,
D.P.,Kim Bo-tong
Deadly Sins,"Darren Kavinoky, Sharlene Martin"
I Heart Arlo,Ryan Crego
Rebellion,Colin Teevan
Ride on Time,
Titletown High,
Edens Zero,
Family Reunion,Meg DeLoatch
Motel Makeover,
Open Your Eyes,
Post Mortem: No One Dies in Skarnes,
Wheel of Fortune,Merv Griffin
Oggy Oggy,Error or Not Found
Manifest,Jeff Rake
Comedy Premium League,
Everything Will Be Fine,Diego Luna
Korean Cold Noodle Rhapsody,
The Chair,"Amanda Peet, Annie Julia Wyman"
Go! Go! Cory Carson,"Stanley Moore, Alex Woo"
The Defeated,
Mother Goose Club,
Rascal Does Not Dream of Bunny Girl Senpai,Hajime Kamoshida
The Creative Indians,
Winx Club,Iginio Straffi
Brand New Cherry Flavor,"Nick Antosca, Lenore Zion"
Fast & Furious Spy Racers,"Bret Haaland, Tim Hedrick"
Grace and Frankie,"Marta Kauffman, Howard J. Morris"
The Kingdom,
AlRawabi School for Girls,"Islam Alshomali, Shirin Kamal, Tima Shomali"
Bake Squad,
Gabby's Dollhouse,"Jennifer Twomey, Traci Paige Johnson"
Las Muñecas de la Mafia (II),
The Crowned Clown,
Shaman King,Hiroyuki Takei
Hit & Run,"Avi Issacharoff, Dawn Prestwich, Lior Raz"
Car Masters: Rust to Riches,
Control Z,"Miguel García Moreno, Adriana Pelusi, Carlos Quintanilla"
Cooking with Paris,
Autumn's Concerto,
The Prince Who Turns into a Frog,Error or Not Found
Top Secret UFO Projects: Declassified,"Petr Vachler, Jan Stehlik"
Two Fathers,
You're My Destiny,
30 Rock,Tina Fey
44 Cats,"Rafael Casal, Iginio Straffi"
Darwin's Game,
Friday Night Lights,Peter Berg
Hunter X Hunter (2011),Error or Not Found
Charmed,Constance M. Burge
Centaurworld,Megan Dong
Glow Up: Britain's Next Make-Up Star,
Khawatir,
Myth & Mogul: John DeLorean,
Outer Banks,"Shannon Burke, Jonas Pate, Josh Pate"
Transformers: War for Cybertron: Kingdom,Error or Not Found
Tattoo Redo,
The Snitch Cartel: Origins,
All American,April Blair
How to Sell Drugs Online (Fast),"Philipp Kässbohrer, Matthias Murmann"
Mighty Express,"Suzanne Bolch, John May, Keith Chapman"
The Walking Dead,Frank Darabont
Wynonna Earp,
Feels Like Ishq,
Masters of the Universe: Revelation,Kevin Smith
Revelations: The Masters of the Universe: Revelation Aftershow,
Sky Rojo,"Esther Martínez Lobato, Álex Pina"
The Movies That Made Us,Brian Volk-Weiss
Chicago Med,"Michael Brandt, Derek Haas, Matt Olmstead"
Sexy Beasts,
Too Hot to Handle: Brazil,
Okupas,
Touch Your Heart,
Explained,"Joe Posner, Ezra Klein"
Johnny Test,"Scott Fellows, Kate Boutilier, Eryk Casemiro"
Beastars,
Her Private Life,
Never Have I Ever,"Lang Fisher, Mindy Kaling"
Heist,
My Unorthodox Life,
Ridley Jones,Chris Nee
Atypical,Robia Rashid
Biohackers,Christian Ditter
How to Become a Tyrant,
The Cook of Castamar,Tatiana Rodríguez
Virgin River,Sue Tenney
Elize Matsunaga: Once Upon a Crime,
Resident Evil: Infinite Darkness,Hiroyuki Kobayashi
Cat People,Glen Zipper
Dogs,Glen Zipper
The War Next-door,
Ask the StoryBots,"Evan Spiridellis, Gregg Spiridellis"
Between,Michael McGowan
Chelsea,
Code Lyoko,"Thomas Romain, Manuel Valdivia, Chus Vallejo"
Colony,"Ryan J. Condal, Carlton Cuse"
Cuckoo,"Robin French, Kieron Quirke"
Derry Girls,Lisa McGee
Girl From Nowhere,
Good Morning Call,Yue Takasuka
I Am a Killer,
I Think You Should Leave with Tim Robinson,"Zach Kanin, Tim Robinson"
Kim's Convenience,
Larva,
Marcella,"Hans Rosenfeldt, Nicola Larder"
Midnight Diner: Tokyo Stories,
My Little Pony: Friendship Is Magic,"Lauren Faust, Bonnie Zacherle"
Orange Is the New Black,Jenji Kohan
Puffin Rock,Lily Bernard
Richie Rich,"Jeff Hodsden, Tim Pollock"
Scream,
Shtisel,"Ori Elon, Yehonatan Indursky"
Some Assembly Required,"Howard Nemetz, Dan Signer"
Tales by Light,
Terrace House: Opening New Doors,
The A List,"Dan Berlinka, Nina Metivier"
The New Legends of Monkey,
The Worst Witch,Emma Reeves
Undercover,"Teodora Markova, Georgi Ivanov"
Workin' Moms,Catherine Reitman
YooHoo to the Rescue,
You Are My Spring,
We the People,Chris Nee
Grey's Anatomy,"Shonda Rhimes, Michelle Lirtzman"
Big Timber,
Mortel,Frédéric Garcia
The Bureau of Magical Things,"Jonathan M. Shiff, Mark Shirrefs"
Generation 56K,"Francesco Capaldo, Kim Gualino"
Rainbow Rangers,"Rob Minkoff, Shane Morris"
Sailor Moon Crystal,
Young Royals,"Lisa Ambjörn, Lars Beckung, Camilla Holter"
Droppin' Cash: Los Angeles,
Somos.,James Schamus
The Daily Life of the Immortal King,
StarBeam,"Loris Kramer Lunsford, Jason Netter, Noelle Wright"
The Seven Deadly Sins,
Sex/Life,Stacy Rukeyser
Godzilla Singular Point,
Jiva!,
The Naked Director,
The Parisian Agency: Exclusive Properties,
Too Hot to Handle,
This Is Pop,
The Mole,
"Nevertheless,",Jung Seo
Bangkok Love Stories: Innocence,
Black Lightning,Salim Akil
Call My Agent!,Fanny Herrero
Champions,"Charlie Grandy, Mindy Kaling"
Charité at War,Error or Not Found
Deadwind,"Rike Jokela, Kirsi Porkka, Jari Olavi Rantala"
Glee,"Ian Brennan, Brad Falchuk, Ryan Murphy"
Hap and Leonard,"Nick Damici, Jim Mickle"
Locked Up,
No Time for Shame,
Pose,"Steven Canals, Brad Falchuk, Ryan Murphy"
Rea(l)ove,
Schitt's Creek,"Dan Levy, Eugene Levy"
Inside Look: The Assassination of Gianni Versace - American Crime Story,
The Judgement,
The Last Dance,
Why Are You Like This,"Mark Samual Bonanno, Naomi Higgins, Humyara Mahbub"
Elite,"Darío Madrona, Carlos Montero"
Hospital Playlist,
So Not Worth It,
Black Summer,"John Hyams, Karl Schaefer"
Elite Short Stories: Carla Samuel,
Katla,"Sigurjón Kjartansson, Baltasar Kormákur"
Record of Ragnarok,
The Gift,
Elite Short Stories: Omar Ander Alexis,
Millennials,Martin Kweller
Penguin Town,
LEGO Marvel Avengers: Climate Conundrum,
Beyond Evil,
Elite Short Stories: Nadia Guzmán,
Power Rangers Dino Fury,Haim Saban
Rhyme Time Town,Dan Berlinka
Elite Short Stories: Guzmán Caye Rebe,
Love (ft. Marriage and Divorce),Error or Not Found
Lego Friends: The Power of Friendship,
Lupin,George Kay
Locombianos,
"Fresh, Fried & Crispy",Error or Not Found
L.A.’s Finest,Error or Not Found
Guru Aur Bhole,
"Newly Rich, Newly Poor",Error or Not Found
Human: The World Within,
Sweet Tooth,Jim Mickle
Creator's File: Gold,
Summertime,"Mirko Cetrangolo, Anita Rivaroli"
Attack on Titan,
Ben & Holly's Little Kingdom,"Neville Astley, Mark Baker"
Cocomelon,
Downton Abbey,Julian Fellowes
Happy Endings,David Caspe
Racket Boys,
The Adventures of Sonic the Hedgehog,Error or Not Found
The Platform,Hozan Akko
Dirty John,Alexandra Cunningham
The Kominsky Method,Chuck Lorre
Black Space,"Anat Gafni, Sahar Shavit"
Eden,Justin Leach
Ragnarok,"Emilie Lebech Kaae, Adam Price"
High on the Hog: How African American Cuisine Transformed America,
JoJo's Bizarre Adventure,
Mad for Each Other,
Master of None,"Aziz Ansari, Alan Yang"
Jurassic World: Camp Cretaceous,Zack Stentz
The Neighbor,"Miguel Esteban, Raúl Navarro"
Special,Ryan O'Connell
The Magic School Bus,"Joanna Cole, Bruce Degen, Kristin Laskas Martin"
Who Killed Sara?,José Ignacio Valenzuela
Booba: Food Puzzle,
Alma Matters: Inside the IIT Dream,
Haunted,
"Love, Death & Robots",Tim Miller
Move to Heaven,
Castlevania,Warren Ellis
The Upshaws,"Regina Y. Hicks, Wanda Sykes"
"Money, Explained",
Mine,
Jupiter's Legacy,Steven S. DeKnight
Lava Ka Dhaava,
Selena: The Series,Moisés Zamora
StartUp,Ben Ketai
Trash Truck,Max Keane
Angelina Ballerina,Barbara Slade
Barney and Friends,Error or Not Found
Miniforce: Super Dino Power,Error or Not Found
Pet Stars,
The Unremarkable Juanquini,Dago García
Yasuke,Lesean Thomas
Headspace Guide to Sleep,
Sexify,"Kalina Alabrudzinska, Piotr Domalewski, Agata Gerc"
Fatma,Ozgur Onurme
Shadow and Bone,Eric Heisserer
Life in Color with David Attenborough,Error or Not Found
Zero,Menotti
Izzy's Koala World,
Luis Miguel: The Series,
PJ Masks,
Bakugan: Geogan Rising,Error or Not Found
Love Naggers,
Dancing Angels,
Durarara!!,Ryôgo Narita
Gilmore Girls,Amy Sherman-Palladino
High-Rise Invasion,Tsuina Miura
Next in Fashion,
Peasants' Rebellion,
Power Players,
Ricky Zoom,Alexander Bar
Sonic X,
Ajaibnya Cinta,Error or Not Found
Dad Stop Embarrassing Me!,"Jamie Foxx, Jim Patterson"
Fate: The Winx Saga,Brian Young
House of Cards,Beau Willimon
Indian Matchmaking,
Jeffrey Epstein: Filthy Rich,
Law School,
Living with Yourself,Timothy Greenberg
Signal,
Slasher,Aaron Martin
Unnatural Selection,
The Baker and the Beauty,Dean Georgaris
"Nicky, Ricky, Dicky & Dawn","Michael Feldman, Matt Fleckenstein"
Don't be the First One!,
Heaven Official's Blessing,Mo Xiang Tong Xiu
The Way of the Househusband,
The Big Day,
The Wedding Coach,
This Is a Robbery: The World's Biggest Art Heist,Error or Not Found
Glimpses of a Future,
Magical Andes,Error or Not Found
Murder Maps,
Prank Encounters,
Secrets of Great British Castles,
Worn Stories,
Robocar Poli,
Yu-Gi-Oh!,Kazuki Takahashi
Rainbow High,Michael S. Anderson
Big Time Rush,Scott Fellows
Magic for Humans Spain,Error or Not Found
The Irregulars,Tom Bidwell
Dota: Dragon's Blood,Ashley Miller
Pui Pui Molcar,Tomoki Misato
Navillera,Jimin
Mighty Morphin Power Rangers,"Shuki Levy, Haim Saban"
Alien TV,
Country Comfort,Caryn Lucas
Formula 1: Drive to Survive,
B: The Beginning,Kazuto Nakazawa
Waffles + Mochi,"Jeremy Konner, Erika Thormahlen"
Abla Fahita: Drama Queen,Abla Fahita
The Lost Pirate Kingdom,
Zero Chill,"Kirstie Falkous, John Regier"
Love Alarm,
Paradise PD,"Roger Black, Waco O'Guin"
The One,
Last Chance U: Basketball,
Marriage or Mortgage,
The Houseboat,
Bombay Begums,Alankrita Shrivastava
My Way,
City of Ghosts,Elizabeth Ito
Pokémon Journeys: The Series,
Pacific Rim: The Black,"Greg Johnson, Craig Kyle"
Word Party,Alex Rockwell
Tiger & Bunny,
El Final del Paraíso,
Sin Senos Sí Hay Paraíso,
The Last Bastion,
Age of Samurai: Battle for Japan,
Canine Intervention,
Ginny & Georgia,Sarah Lampert
Two Sentence Horror Stories,Vera Miao
Zindagi in Short,Error or Not Found
Vincenzo,
Tribes of Europa,Philip Koch
"Hello, Me!",
Sisyphus,
Thus Spoke Kishibe Rohan,Hirohiko Araki
Amend: The Fight for America,
Behind Her Eyes,Steve Lightfoot
MeatEater,
Good Girls,Jenna Bans
Booba,
The Crew,Jeff Lowell
Buried by the Bernards,
Chappelle's Show,"Neal Brennan, Dave Chappelle"
Nadiya Bakes,
Capitani,Thierry Faber
El Chema,Luis Zelkowicz
Five Came Back: The Reference Films,Error or Not Found
iCarly,Dan Schneider
The Sinner,Antonio Campos
Hache,Verónica Fernández
Invisible City,"Júlia Pacheco Jordão, Luis Carone"
Firefly Lane,Maggie Friedman
Pablo Escobar: El Patrón del Mal,
Power Rangers Ninja Steel,Haim Saban
Tiffany Haddish Presents: They Ready,"Page Hurwitz, Tiffany Haddish"
Heartland,Murray Shostak
Love Daily,
My Dead Ex,"Drew Hancock, Jason Director, Ayla Harrison"
The Unsettling,"Adam Jay Epstein, Andrew Jacobson"
Total Drama,"Tom McGillis, Jennifer Pertsch"
Zac and Mia,"Allen Clary, Andrew Rothschild"
Zig & Sharko,Olivier Jean-Marie
We Are: The Brooklyn Saints,
50M2,Error or Not Found
Bonding,Rightor Doyle
Outlander,Ronald D. Moore
Go Dog Go,Error or Not Found
Blown Away,Shannon Noble
Busted!,
Demon Slayer: Kimetsu no Yaiba,
Daughter from Another Mother,"Carolina Rivera, Fernando Sariñana"
Spycraft,
Hello Ninja,"Mark Palmer, N.D. Wilson"
Bling Empire,
Carmen Sandiego,Duane Capizzi
Disenchantment,"Matt Groening, Josh Weinstein"
Henry Danger,"Dana Olsen, Dan Schneider, Dana Olsen"
The Magicians,"Sera Gamble, John McNamara"
Inside the World's Toughest Prisons,
Mighty Little Bheem: Kite Festival,
Pretend It's a City,
Surviving Death,
History of Swear Words,
Nailed It! Mexico,
Korean Pork Belly Rhapsody,
QB1: Beyond the Lights,
Cobra Kai,"Josh Heald, Jon Hurwitz, Hayden Schlossberg"
Dream Home Makeover,
Headspace Guide to Meditation,
Jenni Rivera: Mariposa de Barrio,
Monarca,Diego Gutierrez
Running Man,
The Haunted Hathaways,Robert Peacock
Chilling Adventures of Sabrina,Roberto Aguirre-Sacasa
Best Leftovers Ever!,
Dare Me,Gina Fattore
Equinox,Tea Lindeburg
Still Game,
Transformers: War for Cybertron: Earthrise,Error or Not Found
A Love So Beautiful,
Sakho & Mangane,Jean Luc Herbulot
Regiment Diaries,
Bridgerton,Chris Van Dusen
Lovestruck in the City,
Rhyme Time Town Singalongs,
Shaun the Sheep,"David Fine, Alison Snowden, Richard Starzak"
Timmy Time,Jackie Cockle
Diamond City,
Home for Christmas,Per-Olav Sørensen
Morphle,Arthur van Merwijk
Run On,
How to Ruin Christmas,
Marvel Anime: Wolverine,Error or Not Found
Marvel Anime: X-Men,Error or Not Found
Black Ink Crew New York,
Pup Academy,Anna McRoberts
Song Exploder,
Teen Mom 2,
The Challenge,"Jonathan Murray, Mary-Ellis Bunim"
Hilda,"Luke Pearson, Stephanie Simpson, Kurt Mueller"
Tiny Pretty Things,
Children of Adam,Error or Not Found
Grizzy et les Lemmings,Error or Not Found
The Mess You Leave Behind,Carlos Montero
Alice in Borderland,Haro Aso
Masameer Classics,Error or Not Found
Once Upon a Time,"Adam Horowitz, Edward Kitsis"
The Big Show Show,"Jason Berger, Josh Bycel"
The Expanding Universe of Ashley Garcia,"Seth Kurland, Mario Lopez"
The Surgeon's Cut,
Juman,
Mr. Iglesias,Kevin Hench
100 Days My Prince,
Manhunt: Deadly Games,Error or Not Found
Bhaag Beanie Bhaag,"Ravi Patel, Neel Shah"
Big Mouth,"Jennifer Flackett, Andrew Goldberg, Nick Kroll"
Kings of Jo'burg,Shona Ferguson
The Great British Baking Show: Holidays,
Alien Worlds,
Check the Store Next Door: The Next Chapter,Ernest Prakasa
Are You the One?,
Gormiti,
Ink Master,
The Octonauts,
The Oddbods Show,
Stargate SG-1,"Jonathan Glassner, Brad Wright"
The Bachelorette,Mike Fleiss
The Guest,
The Holiday Movies That Made Us,Error or Not Found
The Repair Shop,
The Uncanny Counter,
Fabulous Lives of Bollywood Wives,
Heartbreak High,"Hannah Carroll Chapman, Ben Gannon, Michael Jenkins"
Over Christmas,
Sugar Rush Christmas,
Great Pretender,
Valentino,
Strongest Deliveryman,
Flavorful Origins,
Heart & Soul,
Mismatched,
Voices of Fire,
Holiday Home Makeover with Mr. Christmas,
The Boss Baby: Back in Business,
We Are the Champions,
America's Next Top Model,"Ken Mok, Tyra Banks, Kenya Barris"
Beyblade Burst Rise,
Polly Pocket,Shea Fontana
Survivor,Charlie Parsons
The Crown,Peter Morgan
American Horror Story,"Brad Falchuk, Ryan Murphy, Halley Feiffer"
Ethos,
Graceful Friends,
Aunty Donna's Big Ol' House of Fun,Aunty Donna
The Liberator,
Trial 4,
Dash & Lily,
Bakugan: Armored Alliance,Error or Not Found
Bakugan: Battle Planet,Man of Action
Country Ever After,
Wrong Kind of Black,
Paranormal,Amr Salama
Love & Anarchy,Lisa Langseth
Can You Hear Me?,
60 Days In,
Dawson's Creek,Kevin Williamson
Forged in Fire,
Leah Remini: Scientology and the Aftermath,
Lego Jurassic World: Legend of Isla Nublar,"Adam Beechen, David Shayne, Jason Cosler"
LEGO Jurassic World: Secret Exhibit,Error or Not Found
LEGO Ninjago: Decoded,
LEGO Ninjago: Masters of Spinjitzu,Error or Not Found
Lego City Adventures,
The Garfield Show,
The Good Detective,
Voice,
Zumbo's Just Desserts,
Kongsuni and Friends,
Marvel's Agents of S.H.I.E.L.D.: Academy,
Somebody Feed Phil,
Suburra: Blood on Rome,
Blood of Zeus,"Charley Parlapanides, Vlas Parlapanides"
Chico Bon Bon: Monkey with a Tool Belt,
Barbarians,"Andreas Heckmann, Arne Nolting, Jan Martin Scharf"
Stolen Away,"Natxo López, Ruth García, David Oliva"
The Queen's Gambit,"Scott Frank, Allan Scott"
My Next Guest Needs No Introduction with David Letterman,David Letterman
Unsolved Mysteries,
Start-Up,
Grand Army,Katie Cappiello
La Révolution,
The Last Kids on Earth,
Fireman Sam,"Rob Lee, Dave Jones, Dave Gingell"
Half & Half,Jeffrey Klarik
One on One,Eunetta T. Boone
Power Rangers Beast Morphers,Haim Saban
Social Distance,Hilary Weisman Graham
The Cabin with Bert Kreischer,
Kipo and the Age of Wonderbeasts,"Bill Wolkoff, Radford Sechrist"
Deaf U,Eric Evangelista
The Haunting of Bly Manor,Mike Flanagan
Do Do Sol Sol La La Sol,
Private Lives,
The 100,Jason Rothenberg
Bad Boy Billionaires: India,
Pat a Pat Como,Error or Not Found
Qurious Como,Error or Not Found
Dreamworks Happy Holidays from Madagascar,
Emily in Paris,Darren Star
H2O: Just Add Water,Jonathan M. Shiff
Evil,"Michelle King, Robert King"
Familiar Wife,
Food Wars: Shokugeki no Soma,
"Good Morning, Verônica",
Journey of an African Colony: The Making of Nigeria,
Oktoberfest: Beer & Blood,"Christian Limmer, Ronny Schalk, Alexis Wittgenstein"
Secreto bien guardado,
Sword Art Online,Reki Kawahara
The Parkers,"Ralph Farquhar, Sara Finney-Johnson, Vida Spears"
The Unicorn,"Grady Cooper, Bill Martin, Mike Schiff"
You Cannot Hide,
Black Butler,
Man with a Plan,"Jackie Filgo, Jeff Filgo"
Wentworth,"Reg Watson, Lara Radulovich"
"Whose Vote Counts, Explained",
Van Helsing,
The Good Place,Michael Schur
A Perfect Crime,
Mighty Little Bheem,
Sneakerheads,Jay Longino
The School Nurse Files,
The Chef Show,
The Playbook,
Fukrey Boyzzz,
Ratched,"Ryan Murphy, Evan Romansky"
The American Barbecue Showdown,
The Blacklist,Jon Bokenkamp
Dragon's Dogma,
The Last Word,"Carlos V. Irmscher, Aron Lehmann"
Baby,"Antonio Le Fosse, Giacomo Mazzariol, Marco Raspanti"
Challenger,Thibault Marthi
Criminal: UK,"Jim Field Smith, George Kay"
Signs,
Sing On!,Stuart Shawcross
Taco Chronicles,
Buddi,Jason Jameson
Family Business,
Girlfriends,Mara Brock Akil
The Barrier,Daniel Écija
The Duchess,Katherine Ryan
Greenleaf,Craig Wright
Get Organized with the Home Edit,
Record of Youth,
Transformers: Cyberverse,
Cleverman,"Ryan Griffen, Jon Bell, Jonathan Gavin"
Away,Andrew Hinderaker
Spirit Riding Free: Riding Academy,
Young Wallander,Ben Harris
Chef's Table: BBQ,David Gelb
The Witcher: A Look Inside the Episodes,
Blue Exorcist,
Bookmarks,
Borgen,Adam Price
Erased,
Felipe Esparza: Bad Decisions,
H,"Kader Aoun, Eric Judor, Xavier Matthieu"
Heidi,
"Sister, Sister","Kim Bass, Gary Gilbert, Fred Shafferman"
The Promised Neverland,Kaiu Shirai
I Am A Killer: Released,
Masaba Masaba,
Aggretsuko,
Her Mother's Killer,"Said Chamie, Clara María Ochoa, Claudia Sánchez Morales"
Million Dollar Beach House,
Emily's Wonder Lab,
Trinkets,"Amy Andelson, Emily Meyer, Kirsten Smith"
Baewatch: Parental Guidance,Error or Not Found
Ojos in d' House,Error or Not Found
Hoops,Ben Hoffman
Rust Valley Restorers,"Matthew Shewchuk, Tyson Hepburn"
DeMarcus Family Rules,
High Score,
Glitch Techs,"Dan Milano, Eric Robles"
Stranger,
Dérè: An African Tale,
Rita,Christian Torpe
Takki,
3%,Pedro Aguilera
Teenage Bounty Hunters,Kathleen Jordan
The Great Heist,"Pablo Gonzalez, C.S. Prince"
The Legend of Korra,"Michael Dante DiMartino, Bryan Konietzko"
Zoids Wild,
(Un)Well,
GAME ON: A Comedy Crossover Event,Error or Not Found
Terrace House: Tokyo 2019-2020,
The Governor,
High Seas,"Ramón Campos, Gema R. Neira"
Selling Sunset,
Sing On! Germany,"Victoria Ashbourne, Stuart Shawcross"
Tiny Creatures,
Wizards: Tales of Arcadia,Error or Not Found
Word Party Songs,
Ever After High,
The Rain,"Jannik Tai Mosholt, Christian Potalivo, Esben Toft Jacobsen"
World's Most Wanted,
Mystery Lab,
Immigration Nation,
Moesha,"Sara Finney-Johnson, Vida Spears"
My Perfect Landing,Frank van Keeken
Nagi-Asu: A Lull in the Sea,"Mari Okada, Toshiya Shinohara"
The Next Step,Frank van Keeken
Toradora!,
Transformers: Rescue Bots Academy,
Get Even,
Sugar Rush,Katie Baxendale
The Umbrella Academy,"Steve Blackman, Jeremy Slater"
Transformers: War for Cybertron Trilogy,
Last Chance U,
Shameless (U.S.),Error or Not Found
Sing On! Spain,"Victoria Ashbourne, Stuart Shawcross"
Fear City: New York vs the Mafia,
Norsemen,Error or Not Found
Street Food: Latin America,"David Gelb, Brian McGinn"
Killer Women with Piers Morgan,
Gigantosaurus,"Franck Salomé, Nicolas Sedel, Fernando Worcel"
The Single Wives,
Cursed,"Frank Miller, Tom Wheeler"
In the Dark,"Corinne Kingsbury, Anna Fisher"
Kissing Game,Esmir Filho
Dark Desire,Leticia López Margalli
Skin Decision: Before and After,
Sunny Bunnies,
The Business of Drugs,
Down to Earth with Zac Efron,
The Epic Tales of Captain Underpants in Space,
Japan Sinks: 2020,
The Protector,Binnur Karaevli
Was It Love,
Stateless,"Tony Ayres, Cate Blanchett, Elise McCredie"
Little Singham,
Cable Girls,"Ramón Campos, Gema R. Neira, Teresa Fernández-Valdés"
Ju-on: Origins,Takashige Ichise
Southern Survival,
The Baby-Sitters Club,Rachel Shukert
Supermarket Sweep,Al Howard
Warrior Nun,Simon Barry
21 Again,
A Touch of Green,
Say I Do,
Trotro,
BNA,Kazuki Nakashima
Homemade,"Juan de Dios Larraín, Pablo Larraín, Lorenzo Mieli"
Dark,"Baran bo Odar, Jantje Friese"
All for Love,
Home Game,Ryan Duffy
Twogether,
Crazy Delicious,
"Roswell, New Mexico",Carina Adly MacKenzie
It's Okay to Not Be Okay,
Babies,
Floor Is Lava,Megan McGrath
Most Beautiful Thing,Error or Not Found
The Politician,"Ian Brennan, Brad Falchuk, Ryan Murphy"
The Order,"Dennis Heaton, Shelley Eriksen"
The Chase,
Alexa & Katie,Heather Wordham
How to Get Away with Murder,Peter Nowalk
Dating Around,Chris Culvenor
F Is for Family,"Bill Burr, Michael Price"
Frank Elstner: Just One Last Question,
One Piece,Eiichiro Oda
The Search,
The Woods,
Curon,"Ezio Abbate, Ivano Fachin, Giovanni Galassi"
Lenox Hill,
My Mister,
Reality Z,"Tatiana Bacal, João Costa Van Hombeeck, Rodrigo Monte"
Queen of the South,"M.A. Fortin, Joshua John Miller"
13 Reasons Why,Brian Yorkey
Queer Eye,David Collins
Baki,
Alone,
Cardcaptor Sakura,
Dear My Friends,Error or Not Found
Megalobox,Error or Not Found
Midnight Diner,
My Shy Boss,Error or Not Found
Revolutionary Love,Error or Not Found
Space Force,"Steve Carell, Greg Daniels"
"Can't Cope, Won't Cope",
Dorohedoro,Kyu Hayashida
Mako Mermaids: An H2O Adventure,Error or Not Found
Betaal,
Dynasty,"Sallie Patrick, Stephanie Savage, Josh Schwartz"
History 101,
Mystic Pop-up Bar,
Especial 20 años Fútbol de Primera,Error or Not Found
The Queen and the Conqueror,
Sweet Magnolias,Sheryl J. Anderson
The Big Flower Fight,
Patriot Act with Hasan Minhaj,"Hasan Minhaj, Prashanth Venkataramanujam"
Boys Over Flowers,
Iris,
Avatar: The Last Airbender,"Michael Dante DiMartino, Bryan Konietzko"
Madam Secretary,Barbara Hall
Magic for Humans,Justin Willman
Parasyte: The Maxim,
She-Ra and the Princesses of Power,Nate Stevenson
Strangers from Hell,Error or Not Found
The Wiggles,"Murray Cook, Jeff Fatt, Anthony Field"
White Lines,Álex Pina
True: Terrific Tales,"Jeff Borkin, Samuel Borkson, Mary Bredin"
Bordertown,Miikko Oikkonen
Trial by Media,
Dead to Me,Liz Feldman
Restaurants on the Edge,Courtney Hazlett
The Hollow,"Edward Kay, Josh Mepham, Kathy Antonsen Rocchio"
Hangar 1: The UFO Files,
Hoarders,
The Universe: Ancient Mysteries Solved,Error or Not Found
WWII in HD,
Hollywood,"Ian Brennan, Ryan Murphy"
Masha and the Bear,Oleg Kuzovkov
Medici: Masters of Florence,Error or Not Found
Monthly Girls' Nozaki-kun,
Oh Yuck!,Dan Danko
Reckoning,
DRIFTING DRAGONS,Taku Kuwabara
El Señor de los Cielos,"Mariano Calasso, Luis Zelkowicz"
Good Witch,"Craig Pryce, Sue Tenney"
Extracurricular,
Nadiya’s Time to Eat,Error or Not Found
Tjovitjo,
"Coronavirus, Explained",
The Last Kingdom,
My Secret Romance,
دفعة القاهرة,Error or Not Found
After Life,Ricky Gervais
DreamWorks Spooky Stories: Volume 2,Error or Not Found
Love 101,Meriç Acemi
Ghost in the Shell SAC_2045,
The House of Flowers,Manolo Caro
Absurd Planet,Paul E. Raff
Win the Wilderness: Alaska,
Bleach,Tite Kubo
Nicky Jam: El Ganador,
Cooked with Cannabis,
The Midnight Gospel,Duncan Trussell
ChuChu TV Nursery Rhymes & Kids Songs (Hindi),Error or Not Found
The King: Eternal Monarch,
#BlackAF,Kenya Barris
El Dragón: Return of a Warrior,Arturo Pérez-Reverte
Hasmukh,
Fauda,"Avi Issacharoff, Lior Raz"
The Innocence Files,
Brews Brothers,Greg Schaffer
Hi Score Girl,
The Circle: France,
El Reemplazante,"Nimrod Amitai, Ignacio Arnold, Javier Bertossi"
Legacies,Julie Plec
Community,Dan Harmon
How to Fix a Drug Scandal,Josh Adler
Man Like Mobeen,
Pokémon the Series,Error or Not Found
Saint Seiya: Knights of the Zodiac,
Sunderland 'Til I Die,
The Iliza Shlesinger Sketch Show,
The Windsors,"George Jeffrie, Bert Tyler-Moore"
Well-Intended Love,Yidu Chunfeng
Akbar Birbal,
Tree House Tales,Error or Not Found
Rugal,Rel.mae
Happy!,Brian Taylor
Ladies Up,
Ozark,"Bill Dubuque, Mark Williams"
Wassup Man GO!,Error or Not Found
7Seeds,
Unorthodox,Anna Winger
Freud,
J-Style Trip,
Barbie Dreamhouse Adventures: Go Team Roberts,Error or Not Found
Archibald's Next Big Thing,"Drew Champion, Jacob Moffat"
Dino Girl Gauko,Akira Shigino
Greenhouse Academy,Giora Chamizer
Self Made: Inspired by the Life of Madam C.J. Walker,
She,Imtiaz Ali
The English Game,Julian Fellowes
The Letter for the King,William Davies
Vampires,"Benjamin Dupas, Isaure Pisani-Ferry"
Caliphate,Wilhelm Behrman
Women of the Night,"Ian Ginn, Maarten Almekinders"
Shaun the Sheep: Adventures from Mossy Bottom,
We Speak Dance,
100 Humans: Life's Questions. Answered.,
Bloodride,"Kjetil Indregard, Atle Knudsen"
The Valhalla Murders,Thordur Palsson
Dirty Money,Josh Adler
On My Block,"Eddie Gonzalez, Jeremy Haft, Lauren Iungerich"
The Circle: Brazil,
Ugly Delicious,Morgan Neville
Mighty Little Bheem: Festival of Colors,
Akame ga Kill!,Takahiro
Babylon Berlin,"Henk Handloegten, Tom Tykwer, Achim von Borries"
Calico Critters Mini Episodes Clover,Error or Not Found
Always a Witch,
Queen Sono,
Toy Boy,"César Benítez, Juan Carlos Cueto, Rocío Martínez Llano"
Unstoppable,Diego Martínez Ulanosky
Altered Carbon,Laeta Kalogridis
Followers,
I Am Not Okay with This,"Jonathan Entwistle, Christy Hall"
The Trials of Gabriel Fernandez,
"Hi Bye, Mama!",
Gentefied,"Linda Yvette Chávez, Marvin Lemus"
Hyena,
Passion. Panache. Pep,Error or Not Found
Puerta 7,Martin Zimmerman
Spectros,
DreamWorks Shrek's Swamp Stories,
Talking Tom and Friends,"Boris Dolenc, Samo Login, Tom Martin"
Taj Mahal 1989,
Love Is Blind,
Narcos: Mexico,"Carlo Bernard, Chris Brancato, Doug Miro"
Palazuelos mi rey,Error or Not Found
We Bare Bears,Daniel Chong
Better Call Saul,"Vince Gilligan, Peter Gould"
Dragons: Rescue Riders,
Fifty: The Series,Error or Not Found
Locke & Key,"Meredith Averill, Carlton Cuse, Aron Eli Coleite"
My Holo Love,
Who Killed Malcolm X?,
Cagaster of an Insect Cage,
Team Kaylie,"Pamela Eells, Tracy Bitterolf"
Is It Wrong to Try to Pick Up Girls in a Dungeon?,Fujino Omori
Itaewon Class,Gwang Jin
"No Game, No Life",
Pop Team Epic,
Shopkins,
Diablero,
Luna Nera,"Francesca Manieri, Laura Paolucci, Tiziana Triana"
Unauthorized Living,Aitor Gabilondo
Ainori Love Wagon: African Journey,
The Stranger,
What the Love! with Karan Johar,
Find Yourself,
Night on Earth,
Omniscient,Pedro Aguilera
Rise of Empires: Ottoman,
Sons of the Caliphate,
The goop lab with Gwyneth Paltrow,Error or Not Found
The Ranch,"Jim Patterson, Don Reo"
October Faction,Damian Kindler
Saint Seiya: Knights of the Zodiac,
Pandemic: How to Prevent an Outbreak,
Playing with Fire,
Dreamworks How to Train Your Dragon Legends,
Ares,"Pieter Kuijpers, Iris Otten, Sander van Meurs"
Hip-Hop Evolution,"Darby Wheeler, Sam Dunn(co-director), Scot McFadyen(co-director)"
Nailed It! Germany,
Tiny House Nation,
Handsome Siblings,
Soul Eater,
Killer Inside: The Mind of Aaron Hernandez,
The Ollie & Moon Show,"Caroline Simpson, Diane Kredensor, Robert Vargas"
The Healing Powers of Dude,"Sam Littenberg-Weisberg, Erica Spates"
AJ and the Queen,"Michael Patrick King, RuPaul"
Giri/Haji,
Harvey Street Kids,Error or Not Found
Medical Police,"Rob Corddry, Krister Johnson, Jonathan Stern"
The InBESTigators,"Robyn Butler, Wayne Hope"
Until Dawn,
Cheer,
Dracula,"Mark Gatiss, Steven Moffat"
Anne with an E,Moira Walley-Beckett
"Sex, Explained",
Thieves of the Wood,
Because This Is My First Life,
Border Security: America's Front Line,
Cells at Work!,
Chhota Bheem Kung Fu Dhamaka Series,Error or Not Found
Live Up to Your Name,
Messiah,Michael Petroni
Mia and Me,Gerhard Hahn
Reply 1988,
Save Me,Lennie James
Spinning Out,Samantha Stratton
The Bride of Habaek,
Arashi's Diary: Voyage,
Occupied,
Pucca: Love Recipe,
Rainbow Ruby,Roberto Santiago
Robot Trains,
The Degenerates,
Yanxi Palace: Princess Adventures,
The Disastrous Life of Saiki K.: Reawakened,
Kevin Hart: Don’t F**k This Up,Error or Not Found
The Bonfire of Destiny,"Catherine Ramberg, Karin Spreuzkouski"
Carole & Tuesday,Shin'ichirô Watanabe
Lost in Space,"Irwin Allen, Matt Sazama, Burk Sharpless"
Private Practice,Shonda Rhimes
Agent,
The Witcher,Tomek Baginski
Twice Upon a Time,
Ultraviolet,
Soundtrack,Joshua Safran
Cinderella and the Four Knights,
Cocomong,
Crash Landing on You,
Scooby-Doo!: Mystery Incorporated,Error or Not Found
"What's New, Scooby-Doo?",Wendy Perdue
Astronomy Club: The Sketch Show,Error or Not Found
Fuller House,Jeff Franklin
Teasing Master Takagi-san,Sôichirô Yamamoto
Three Days of Christmas,Pau Freixas
Triad Princess,
V-Wars,
The Last O.G.,"John Carcieri, Jordan Peele"
The Prince of Tennis - Match! Tennis Juniors,Takeshi Konomi
The Road to Love,Error or Not Found
Nightflyers,Jeff Buhler
Eastsiders,Kit Williamson
Space Jungle,Error or Not Found
Chocolate,
Chip and Potato,"Catherine Williams, Maddy Darrall, Billy Macqueen"
La Reina del Sur,"Lina Uribe, Dario Vanegas, Roberto Stopello"
The Charming Stepmom,
Levius,Haruhisa Nakata
Lugar de Mulher,
Merry Happy Whatever,Error or Not Found
Mythomaniac,Error or Not Found
The Crime,Error or Not Found
Zona Rosa,Error or Not Found
Once Upon A Time In Lingjian Mountain,Error or Not Found
Dolly Parton's Heartstrings,Error or Not Found
Nailed It! Holiday!,Error or Not Found
Narcoworld: Dope Stories,Error or Not Found
Nobody's Looking,Error or Not Found
Singapore Social,Error or Not Found
The Dragon Prince,Error or Not Found
Trolls: The Beat Goes On!,Error or Not Found
Bangkok Buddies,Error or Not Found
Holiday Secrets,Error or Not Found
Who Killed Little Gregory?,Error or Not Found
Miss Culinary,Error or Not Found
Candy Online,Error or Not Found
At the Dolphin Bay,Error or Not Found
I'm with the Band: Nasty Cherry,Error or Not Found
Inheritors,Error or Not Found
K-On!,Error or Not Found
La Robe De Mariee Des Cieux,Error or Not Found
Llama Llama,Error or Not Found
My MVP Valentine,Error or Not Found
My Sassy Girl,Error or Not Found
The Club,Error or Not Found
The Stranded,Error or Not Found
The Toys That Made Us,Error or Not Found
The Yard,Error or Not Found
Westside Story,Error or Not Found
My Dear Warrior,Error or Not Found
Maradona in Mexico,Error or Not Found
Chief of Staff,Error or Not Found
Put Your Head on My Shoulder,Error or Not Found
Little Things,Error or Not Found
Greatest Events of WWII in Colour,Error or Not Found
Green Eggs and Ham,Error or Not Found
Wild District,Error or Not Found
SCAMS,Error or Not Found
Sam & Cat,Error or Not Found
The End of the F***ing World,Error or Not Found
Meet the Adebanjos,Error or Not Found
The Devil Next Door,Error or Not Found
Bella and the Bulldogs,Error or Not Found
Victorious,Error or Not Found
A Year In Space,Error or Not Found
Ad Vitam,Error or Not Found
Billy on the Street,Error or Not Found
CLANNAD,Error or Not Found
Haikyu!!,Error or Not Found
"Love, Chunibyo & Other Delusions!",Error or Not Found
Maid-Sama!,Error or Not Found
Mobile Suit Gundam: Iron-Blooded Orphans,Error or Not Found
Queer Eye: We're in Japan!,Error or Not Found
The Boulet Brothers Dragula,Error or Not Found
The Deep,Error or Not Found
Vientos de agua,Error or Not Found
We Are the Wave,Error or Not Found
KENGAN ASHURA,Error or Not Found
Sleepless Society: Bedtime Wishes,Error or Not Found
Tomorrow with You,Error or Not Found
Tunnel,Error or Not Found
Shine On with Reese,Error or Not Found
"Wait, My Youth",Error or Not Found
A Little Thing Called First Love,Error or Not Found
BoJack Horseman,Error or Not Found
Brotherhood,Error or Not Found
Drug Squad: Costa del Sol,Error or Not Found
Monzón: A Knockout Blow,Error or Not Found
Nailed It! France,Error or Not Found
Nailed It! Spain,Error or Not Found
The Untamed,Error or Not Found
Daybreak,Error or Not Found
"Breakfast, Lunch & Dinner",Error or Not Found
"ChuChu TV Kids Songs, Learning Videos & Bedtime Stories",Error or Not Found
Interior Design Masters,Error or Not Found
Little Baby Bum: Nursery Rhyme Friends,Error or Not Found
Mighty Little Bheem: Diwali,Error or Not Found
MONKART,Error or Not Found
Spirit Riding Free: Pony Tales,Error or Not Found
Toon,Error or Not Found
Chosen,Error or Not Found
THE UNLISTED,Error or Not Found
Another Miss Oh,Error or Not Found
Second 20s,Error or Not Found
The Lies Within,Error or Not Found
Insatiable,Error or Not Found
The Hook Up Plan,Error or Not Found
Beyblade Burst Turbo,Error or Not Found
Ultramarine Magmell,Error or Not Found
Rhythm + Flow,Error or Not Found
Legend Quest: Masters of Myth,Error or Not Found
My Country: The New Age,Error or Not Found
Creeped Out,Error or Not Found
Peaky Blinders,Error or Not Found
Raising Dion,Error or Not Found
Rotten,Error or Not Found
Super Monsters,Error or Not Found
Seis Manos,Error or Not Found
Living Undocumented,Error or Not Found
Chicago Typewriter,Error or Not Found
College Romance,Error or Not Found
Engineering Girls,Error or Not Found
Girls Hostel,Error or Not Found
Inmates,Error or Not Found
Miniforce X,Error or Not Found
The K2,Error or Not Found
The Liar and His Lover,Error or Not Found
Bard of Blood,Error or Not Found
El Marginal,Error or Not Found
The Inmate,Error or Not Found
Abstract: The Art of Design,Error or Not Found
Glitch,Error or Not Found
Vagabond,Error or Not Found
Criminal: France,Error or Not Found
Criminal: Germany,Error or Not Found
Fastest Car,Error or Not Found
Inside Bill's Brain: Decoding Bill Gates,Error or Not Found
When the Camellia Blooms,Error or Not Found
Surviving R. Kelly,Error or Not Found
Kabaneri of the Iron Fortress: The Battle of Unato,Error or Not Found
Marianne,Error or Not Found
Top Boy,Error or Not Found
Unbelievable,Error or Not Found
The I-Land,Error or Not Found
"The Mind, Explained",Error or Not Found
The Spy,Error or Not Found
Loo Loo Kids: Johny & Friends Musical Adventures,Error or Not Found
Moving Art,Error or Not Found
Serial Killer with Piers Morgan,Error or Not Found
Luo Bao Bei,Error or Not Found
Styling Hollywood,Error or Not Found
The Dark Crystal: Age of Resistance,Error or Not Found
The Good Bandit,Error or Not Found
True and the Rainbow Kingdom,Error or Not Found
Million Pound Menu,Error or Not Found
13 Reasons Why: Beyond the Reasons,Error or Not Found
HERO MASK,Error or Not Found
Hyperdrive,Error or Not Found
45 rpm,Error or Not Found
Apache: The Life of Carlos Tevez,Error or Not Found
Better Than Us,Error or Not Found
Diagnosis,Error or Not Found
Green Frontier,Error or Not Found
MINDHUNTER,Error or Not Found
The King's Avatar,Error or Not Found
Victim Number 8,Error or Not Found
Cannon Busters,Error or Not Found
Happy Jail,Error or Not Found
Knightfall,Error or Not Found
DC Super Hero Girls,Error or Not Found
GLOW,Error or Not Found
IZombie,Error or Not Found
Sintonia,Error or Not Found
Bad Guys,Error or Not Found
Dollar,Error or Not Found
Jane The Virgin,Error or Not Found
Let's Eat 2,Error or Not Found
Let’s Eat,Error or Not Found
Misaeng,Error or Not Found
Oh My Ghost,Error or Not Found
Wu Assassins,Error or Not Found
No Good Nick,Error or Not Found
Basketball or Nothing,Error or Not Found
Sleepless Society: Nyctophobia,Error or Not Found
The Letdown,Error or Not Found
Twelve Forever,Error or Not Found
My First First Love,Error or Not Found
Another Life,Error or Not Found
Beat Bugs,Error or Not Found
Sexy Central,Error or Not Found
The Epic Tales of Captain Underpants,Error or Not Found
Typewriter,Error or Not Found
Rookie Historian Goo Hae-Ryung,Error or Not Found
Pinky Malinky,Error or Not Found
Unrequited Love,Error or Not Found
Angel Beats!,Error or Not Found
Anohana: The Flower We Saw That Day,Error or Not Found
God Eater,Error or Not Found
GRANBLUE FANTASY the Animation,Error or Not Found
3Below: Tales of Arcadia,Error or Not Found
Bonus Family,Error or Not Found
Extreme Engagement,Error or Not Found
One Spring Night,Error or Not Found
PILI Fantasy: War of Dragons,Error or Not Found
True Tunes,Error or Not Found
Free Rein,Error or Not Found
The Legend of White Snake,Error or Not Found
Kakegurui,Error or Not Found
Stranger Things,"Matt Duffer, Ross Duffer"
The Last Czars,Error or Not Found
Yummy Mummies,Error or Not Found
Bangkok Love Stories: Objects of Affection,Error or Not Found
Bangkok Love Stories: Plead,Error or Not Found
Designated Survivor: 60 Days,Error or Not Found
DreamWorks Kung Fu Panda Awesome Secrets,Error or Not Found
Hatchimals | Adventures in Hatchtopia,Error or Not Found
Molang,Error or Not Found
Rabbids Invasion,Error or Not Found
Record of Grancrest War,Error or Not Found
Scare Tactics,Error or Not Found
Dope,Error or Not Found
Exhibit A,Error or Not Found
Instant Hotel,Error or Not Found
Motown Magic,Error or Not Found
Paquita Salas,Error or Not Found
Answer for Heaven,Error or Not Found
Forest of Piano,Error or Not Found
Girls Incarcerated,Error or Not Found
Go! Live Your Way,Error or Not Found
Magi: The Labyrinth of Magic,Error or Not Found
Neon Genesis Evangelion,Error or Not Found
Shooter,Error or Not Found
The Casketeers,Error or Not Found
The Confession Tapes,Error or Not Found
Fate/Zero,Error or Not Found
Kill la Kill,Error or Not Found
Puella Magi Madoka Magica,Error or Not Found
Somewhere Only We Know,Error or Not Found
Unit 42,Error or Not Found
Awake: The Million Dollar Game,Error or Not Found
Black Spot,Error or Not Found
El desconocido,Error or Not Found
Girlfriends' Guide to Divorce,Error or Not Found
Leila,Error or Not Found
Marlon,Error or Not Found
Marvel's Jessica Jones,Error or Not Found
Yankee,Error or Not Found
Jinn,Error or Not Found
Upin & Ipin,Error or Not Found
Designated Survivor,Error or Not Found
Super Monsters Monster Pets,Error or Not Found
Tales of the City,Error or Not Found
Black Mirror,Error or Not Found
Documentary Now!,Error or Not Found
Malibu Rescue: The Series,Error or Not Found
Arthdal Chronicles,Error or Not Found
A Thousand Goodnights,Error or Not Found
March Comes in Like a Lion,Error or Not Found
Bad Blood,Error or Not Found
Killer Ratings,Error or Not Found
When They See Us,Error or Not Found
Historical Roasts,Error or Not Found
Hyper HardBoiled Gourmet Report,Error or Not Found
She's Gotta Have It,Error or Not Found
WHAT / IF,Error or Not Found
Prince of Peoria,Error or Not Found
Rosario Tijeras,Error or Not Found
It's Bruno!,Error or Not Found
White Gold,Error or Not Found
Dennis and Gnasher Unleashed,Error or Not Found
"Heidi, bienvenida a casa",Error or Not Found
I Hear You,Error or Not Found
Revisions,Error or Not Found
The Defected,Error or Not Found
Easy,Error or Not Found
Jailbirds,Error or Not Found
The Mechanism,Error or Not Found
The Princess Weiyoung,Error or Not Found
The Society,Error or Not Found
Away From Home,Error or Not Found
Bibik-Bibikku,Error or Not Found
Cinta 100KG,Error or Not Found
Cinta Iris,Error or Not Found
Cinta Si Wedding Planner,Error or Not Found
Cinta Teruna Kimchi,Error or Not Found
Secret of Success,Error or Not Found
The Missing Menu,Error or Not Found
Unchained Fate,Error or Not Found
Abyss,Error or Not Found
I Have a Script,Error or Not Found
In the Bosom of a Thorn,Error or Not Found
The Writer,Error or Not Found
What If?,Error or Not Found
Cupcake & Dino - General Services,Error or Not Found
Flinch,Error or Not Found
Tuca & Bertie,Error or Not Found
Code Geass: Lelouch of the Rebellion,Error or Not Found
Angel 'N' Devil,Error or Not Found
Hong Kong West Side Stories,Error or Not Found
Ingress: The Animation,Error or Not Found
K.O. One Re-act,Error or Not Found
K.O.3an Guo,Error or Not Found
KO One Return,Error or Not Found
The Outsiders,Error or Not Found
Ash vs. Evil Dead,Error or Not Found
Señora Acero,Error or Not Found
Chambers,Error or Not Found
Street Food,Error or Not Found
KO One,Error or Not Found
Lunatics,Error or Not Found
My Dear Boy,Error or Not Found
Rilakkuma and Kaoru,Error or Not Found
Samantha!,Error or Not Found
Crazy Ex-Girlfriend,Error or Not Found
Huge in France,Error or Not Found
New Girl,Error or Not Found
You vs. Wild,Error or Not Found
Time: The Kalief Browder Story,Error or Not Found
Derek,Error or Not Found
Imposters,Error or Not Found
Our Planet,Error or Not Found
Quicksand,Error or Not Found
Rimba Racer,Error or Not Found
Roman Empire: Reign of Blood,Error or Not Found
Spirit: Riding Free,Error or Not Found
Tijuana,Error or Not Found
Possessed,Error or Not Found
Tango,Error or Not Found
Kicko & Super Speedo,Error or Not Found
"That Winter, the Wind Blows",Error or Not Found
Ultraman,Error or Not Found
Pablo,Error or Not Found
Osmosis,Error or Not Found
Santa Clarita Diet,Error or Not Found
The Terminal,Error or Not Found
Traitors,Error or Not Found
Versailles,Error or Not Found
Ainori Love Wagon: Asian Journey,Error or Not Found
The Eagle of El-Se'eed,Error or Not Found
Charlie's Colorforms City,Error or Not Found
Crime Diaries: The Candidate,Error or Not Found
Delhi Crime,Error or Not Found
The 10 Sins,Error or Not Found
The OA,Error or Not Found
Bo on the Go!,Error or Not Found
Stay Tuned!,Error or Not Found
February 9,Error or Not Found
My Husband Won't Fit,Error or Not Found
Green Door,Error or Not Found
If I Hadn't Met You,Error or Not Found
My Pride,Error or Not Found
Robozuna,Error or Not Found
The Disappearance of Madeleine McCann,Error or Not Found
Turn Up Charlie,Error or Not Found
More to Say,Error or Not Found
The Land of Hypocrisy,Error or Not Found
Eugenie Nights,Error or Not Found
This Evening,Error or Not Found
Into the Badlands,Error or Not Found
Bangkok Love Stories: Hey You!,Error or Not Found
Disappearance,Error or Not Found
Immortals,Error or Not Found
The Confrontation,Error or Not Found
American Crime Story: The People v. O.J. Simpson,Error or Not Found
Secret City,Error or Not Found
A Korean Odyssey,Error or Not Found
Cricket Fever: Mumbai Indians,Error or Not Found
Larva Island,Error or Not Found
Losers,Error or Not Found
Northern Rescue,Error or Not Found
The Disastrous Life of Saiki K.,Error or Not Found
Unsolved,Error or Not Found
Chef's Table,Error or Not Found
The Big Family Cooking Showdown,Error or Not Found
Z4,Error or Not Found
Larry Charles' Dangerous World of Comedy,Error or Not Found
The 43,Error or Not Found
The Kirlian Frequency,Error or Not Found
Barbie Dreamhouse Adventures,Error or Not Found
Velvet Colección,Error or Not Found
Iron Ladies,Error or Not Found
The Break,Error or Not Found
One Day at a Time,Error or Not Found
The Last of the Schmucks,Error or Not Found
Hidden Worlds,Error or Not Found
Live,Error or Not Found
Safe,Error or Not Found
Tayee,Error or Not Found
Violet Evergarden,Error or Not Found
Romance is a bonus book,Error or Not Found
Littlest Pet Shop: A World of Our Own,Error or Not Found
Russian Doll,Error or Not Found
Sparta,Error or Not Found
Sword Art Online Alternative: Gun Gale Online,Error or Not Found
Paprika,Error or Not Found
A Taiwanese Tale of Two Cities,Error or Not Found
Z Nation,Error or Not Found
Black Earth Rising,Error or Not Found
Club of Crows,Error or Not Found
Examination of Conscience,Error or Not Found
The Perfect Match,Error or Not Found
Conversations with a Killer: The Ted Bundy Tapes,Error or Not Found
Marvel's The Punisher,Error or Not Found
Memory Love,Error or Not Found
The World's Most Extraordinary Homes,Error or Not Found
Trigger Warning with Killer Mike,Error or Not Found
Lavender,Error or Not Found
La Grande Chaumière Violette,Error or Not Found
Back with the Ex,Error or Not Found
Friends from College,Error or Not Found
Hardy Bucks,Error or Not Found
Horrid Henry,Error or Not Found
Pocoyo,Error or Not Found
When Heroes Fly,Error or Not Found
See You in Time,Error or Not Found
Déjà Vu,Error or Not Found
A Series of Unfortunate Events,Error or Not Found
COMEDIANS of the world,Error or Not Found
The Paper,Error or Not Found
Tidying Up with Marie Kondo,Error or Not Found
Pioneers: First Women Filmmakers*,Error or Not Found
In Family We Trust,Error or Not Found
Hashoter Hatov,Error or Not Found
Murder Mountain,Error or Not Found
Selection Day,Error or Not Found
Stand Up and Away! with Brian Regan,Error or Not Found
Way Back into Love,Error or Not Found
Demon's Path,Error or Not Found
People Just Do Nothing,Error or Not Found
Single Ladies Senior,Error or Not Found
7 Days Out,Error or Not Found
Jojo's World,Error or Not Found
LAST HOPE,Error or Not Found
Lion Pride,Error or Not Found
Love @ Seventeen,Error or Not Found
Perfume,Error or Not Found
Sirius the Jaeger,Error or Not Found
Wolf,Error or Not Found
Fate/stay night: Unlimited Blade Works,Error or Not Found
Ashes of Love,Error or Not Found
DreamWorks Holiday Classics,Error or Not Found
Flowers,Error or Not Found
Hymn of Death,Error or Not Found
Inside the Real Narcos,Error or Not Found
The Fix,Error or Not Found
The Innocent Man,Error or Not Found
Tidelands,Error or Not Found
Travelers,Error or Not Found
Voltron: Legendary Defender,Error or Not Found
Back Street Girls -GOKUDOLS-,Error or Not Found
Dogs of Berlin,Error or Not Found
Neo Yokio,Error or Not Found
The Sound of Your Heart: Reboot,Error or Not Found
Memories of the Alhambra,Error or Not Found
Haunted House,Error or Not Found
1983,Error or Not Found
Death by Magic,Error or Not Found
Love and Fortune,Error or Not Found
Spy Kids: Mission Critical,Error or Not Found
Bumping Mics with Jeff Ross & Dave Attell,Error or Not Found
Minecraft: Story Mode,Error or Not Found
Frontier,Error or Not Found
Fugitiva,Error or Not Found
Sick Note,Error or Not Found
Mystery Science Theater 3000: The Return,Error or Not Found
Kulipari: Dream Walker,Error or Not Found
Paap-O-Meter,Error or Not Found
The Final Table,Error or Not Found
Eternal Love,Error or Not Found
La Doña,Error or Not Found
Silvana Sin Lana,Error or Not Found
Ponysitters Club,Error or Not Found
Vai Anitta,Error or Not Found
Beyblade Burst Evolution,Error or Not Found
Warrior,Error or Not Found
Age of Tanks,Error or Not Found
Medal of Honor,Error or Not Found
Super Drags,Error or Not Found
The Queen of Flow,Error or Not Found
Treehouse Detectives,Error or Not Found
Westside,Error or Not Found
Transfers,Error or Not Found
Damnation,Error or Not Found
Kopitiam,Error or Not Found
Brainchild,Error or Not Found
Creators,Error or Not Found
Follow This,Error or Not Found
The Great British Baking Show: The Beginnings,Error or Not Found
Fate/EXTRA Last Encore,Error or Not Found
Terrorism Close Calls,Error or Not Found
DreamWorks Spooky Stories,Error or Not Found
Great News,Error or Not Found
Here to Heart,Error or Not Found
The Hollywood Masters,Error or Not Found
Accidentally in Love,Error or Not Found
Ask the Doctor,Error or Not Found
Best.Worst.Weekend.Ever.,Error or Not Found
Making a Murderer,Error or Not Found
Marvel's Daredevil,Error or Not Found
Project S The Series,Error or Not Found
Wanderlust,Error or Not Found
My Babysitter's a Vampire,Error or Not Found
Rake,Error or Not Found
Stunt Science,Error or Not Found
Edgar Rice Burroughs' Tarzan and Jane,Error or Not Found
The Curious Creations of Christine McConnell,Error or Not Found
The Haunting of Hill House,Error or Not Found
Ordinary Heroes,Error or Not Found
Salt Fat Acid Heat,Error or Not Found
Blood Pact,Error or Not Found
Sofia the First,Error or Not Found
Dancing Queen,Error or Not Found
Empire Games,Error or Not Found
LOST SONG,Error or Not Found
YG Future Strategy Office,Error or Not Found
Violet Evergarden: Special,Error or Not Found
Monty Python Best Bits (mostly),Error or Not Found
Monty Python's Almost the Truth,Error or Not Found
Monty Python's Fliegender Zirkus,Error or Not Found
Monty Python's Flying Circus,Error or Not Found
Monty Python's Personal Best,Error or Not Found
Hot Date,Error or Not Found
Strong,Error or Not Found
Three Wives One Husband,Error or Not Found
Made in Mexico,Error or Not Found
Reboot: The Guardian Code,Error or Not Found
Skylanders Academy,Error or Not Found
Battlefish,Error or Not Found
DRAGON PILOT: Hisone & Masotan,Error or Not Found
Maniac,Error or Not Found
The Good Cop,Error or Not Found
Mobile Suit Gundam UC,Error or Not Found
Transformers: Rescue Bots,Error or Not Found
Al Hayba,Error or Not Found
American Vandal,Error or Not Found
Boca Juniors Confidential,Error or Not Found
Ingobernable,Error or Not Found
Norm Macdonald Has a Show,Error or Not Found
Super Monsters Monster Party,Error or Not Found
The Rise of Phoenixes,Error or Not Found
Life,Error or Not Found
Daniel Sloss: Live Shows,Error or Not Found
If I were an Animal,Error or Not Found
Show Me the Money,Error or Not Found
Transformers Prime,Error or Not Found
Transformers: Robots in Disguise,Error or Not Found
First and Last,Error or Not Found
Marvel's Iron Fist,Error or Not Found
Stretch Armstrong & the Flex Fighters,Error or Not Found
Monkey Twins,Error or Not Found
Quantico,Error or Not Found
Sisters,Error or Not Found
Cathedral of the Sea,Error or Not Found
Inside the Criminal Mind,Error or Not Found
The Comedy Lineup,Error or Not Found
Ultimate Beastmaster,Error or Not Found
Ultimate Beastmaster México,Error or Not Found
Undercover Law,Error or Not Found
Chicken Soup for the Soul's Being Dad,Error or Not Found
The Innocents,Error or Not Found
Stay Here,Error or Not Found
72 Dangerous Animals: Asia,Error or Not Found
Afflicted,Error or Not Found
All About the Washingtons,Error or Not Found
The Originals,Error or Not Found
Pretty Man,Error or Not Found
On Children,Error or Not Found
Cocaine Coast,Error or Not Found
Dinotrux Supercharged,Error or Not Found
Becoming Champions,Error or Not Found
Switched,Error or Not Found
The Could’ve-Gone-All-the-Way Committee,Error or Not Found
A Very Secret Service,Error or Not Found
SWORDGAI The Animation,Error or Not Found
Kath and Kim,Error or Not Found
El Chapo,Error or Not Found
Smoking,Error or Not Found
Welcome to the Family,Error or Not Found
Amazing Interiors,Error or Not Found
Dark Tourist,Error or Not Found
Home: Adventures with Tip & Oh,Error or Not Found
Jimmy: The True Story of a True Idiot,Error or Not Found
Luna Petunia: Return to Amazia,Error or Not Found
Camarón Revolution,Error or Not Found
The Joel McHale Show with Joel McHale,Error or Not Found
Meteor Garden,Error or Not Found
Mossad 101,Error or Not Found
Baby Ballroom,Error or Not Found
Drug Lords,Error or Not Found
First Team: Juventus,Error or Not Found
NCIS,Error or Not Found
Somewhere Between,Error or Not Found
Churchill’s Secret Agents: The New Recruits,Error or Not Found
Kiss Me First,Error or Not Found
Hotel Transylvania,Error or Not Found
Borges,Error or Not Found
Life Sentence,Error or Not Found
Marvel's Luke Cage,Error or Not Found
Club de Cuervos Presents: The Ballad of Hugo Sánchez,Error or Not Found
True: Magical Friends,Error or Not Found
True: Wonderful Wishes,Error or Not Found
The Staircase,Error or Not Found
The Night Shift,Error or Not Found
Dinosaur King,Error or Not Found
November 13: Attack on Paris,Error or Not Found
Unbreakable Kimmy Schmidt,Error or Not Found
Arrested Development,Error or Not Found
The Break with Michelle Wolf,Error or Not Found
Something in the Rain,Error or Not Found
Trollhunters,Error or Not Found
Mob Psycho 100,Error or Not Found
Dance & Sing with True,Error or Not Found
Inspector Gadget,Error or Not Found
Saint Seiya: The Lost Canvas,Error or Not Found
Bill Nye Saves the World,Error or Not Found
The Who Was? Show,Error or Not Found
A Little Help with Carol Burnett,Error or Not Found
Kong: King of the Apes,Error or Not Found
Simon,Error or Not Found
Spiritual House,Error or Not Found
Black Crows,Error or Not Found
Goodnight DJ 1,Error or Not Found
Moving On,Error or Not Found
Trio and a Bed,Error or Not Found
海的儿子,Error or Not Found
Charité,Error or Not Found
The Chalet,Error or Not Found
The Honeymoon Stand Up Special,Error or Not Found
The Magic School Bus Rides Again,Error or Not Found
AMO,Error or Not Found
Troy,Error or Not Found
Wakfu,Error or Not Found
Star Trek: The Next Generation,Error or Not Found
Fallet,Error or Not Found
Loaded,Error or Not Found
Doctor Foster,Error or Not Found
Rapture,Error or Not Found
Trailer Park Boys,Error or Not Found
Trump: An American Dream,Error or Not Found
Requiem,Error or Not Found
The Standups,Error or Not Found
Edha,Error or Not Found
Wild Wild Country,Error or Not Found
Secret of the Nile,Error or Not Found
Tabula Rasa,Error or Not Found
Children of the Whales,Error or Not Found
Collateral,Error or Not Found
Bad Guys: Vile City,Error or Not Found
Borderliner,Error or Not Found
Flint Town,Error or Not Found
21 Thunder,Error or Not Found
Best Lover,Error or Not Found
Marseille,Error or Not Found
Seven Seconds,Error or Not Found
Hitler's Circle of Evil,Error or Not Found
The Frankenstein Chronicles,Error or Not Found
Dragons: Race to the Edge,Error or Not Found
Everything Sucks!,Error or Not Found
Re:Mind,Error or Not Found
Valor,Error or Not Found
Coach Snoop,Error or Not Found
Retribution,Error or Not Found
The Adventures of Puss in Boots,Error or Not Found
Prison Playbook,Error or Not Found
The Shannara Chronicles,Error or Not Found
Love and Hong Kong,Error or Not Found
Tiempos de guerra,Error or Not Found
Disjointed,Error or Not Found
Tundukkan Playboy Itu,Error or Not Found
Episodes,Error or Not Found
Fullmetal Alchemist,Error or Not Found
Lovesick,Error or Not Found
Pokémon: Indigo League,Error or Not Found
The Frozen Dead,Error or Not Found
La Mante,Error or Not Found
Wadi,Error or Not Found
Part-Time Idol,Error or Not Found
72 Dangerous Animals: Latin America,Error or Not Found
The Indian Detective,Error or Not Found
"Hello, My Twenties!",Error or Not Found
Cheuk Wan-Chi: Two Night Stand,Error or Not Found
Wormwood,Error or Not Found
Halt and Catch Fire,Error or Not Found
Dawai Asmara,Error or Not Found
All Hail King Julien,Error or Not Found
Dhia Sofea,Error or Not Found
Kantaro: The Sweet Tooth Salaryman,Error or Not Found
Padamu Aku Bersujud,Error or Not Found
TURN: Washington's Spies,Error or Not Found
Man Down,Error or Not Found
Broadchurch,Error or Not Found
The Many Faces of Ito,Error or Not Found
Trailer Park Boys: Out of the Park: USA,Error or Not Found
Argon,Error or Not Found
Godless,Error or Not Found
Longmire,Error or Not Found
Luna Petunia,Error or Not Found
Shot in the Dark,Error or Not Found
The Irregular at Magic High School,Error or Not Found
The Method,Error or Not Found
Blazing Transfer Students,Error or Not Found
Lady Dynamite,Error or Not Found
Fate/Apocrypha,Error or Not Found
Project Mc²,Error or Not Found
Alias Grace,Error or Not Found
The Family Court,Error or Not Found
The Golden Path,Error or Not Found
The Little Nyonya,Error or Not Found
The Truth,Error or Not Found
Together,Error or Not Found
Beyond Stranger Things,Error or Not Found
The Mist,Error or Not Found
W1A,Error or Not Found
Haters Back Off,Error or Not Found
The Day I Met El Chapo,Error or Not Found
In Laws,Error or Not Found
Laws of Attraction,Error or Not Found
Seven and Me,Error or Not Found
West Coast Customs,Error or Not Found
ID-0,Error or Not Found
Kibaoh Klashers,Error or Not Found
Beyblade Burst,Error or Not Found
Equestria Girls: Tales of Canterlot High,Error or Not Found
Justice in the City,Error or Not Found
Noddy Toyland Detective,Error or Not Found
Star Trek: Enterprise,Error or Not Found
Star Trek: Voyager,Error or Not Found
Sudden,Error or Not Found
The Dream Catchers,Error or Not Found
What She Put on the Table,Error or Not Found
The Royal House of Windsor,Error or Not Found
Mak Cun,Error or Not Found
Paul Hollywood's Big Continental Road Trip,Error or Not Found
Real Rob,Error or Not Found
Satu Hari,Error or Not Found
Terrace House: Aloha State,Error or Not Found
Dark Matter,Error or Not Found
VeggieTales in the City,Error or Not Found
Offspring,Error or Not Found
Apaches,Error or Not Found
Fire Chasers,Error or Not Found
No Tomorrow,Error or Not Found
Reign,Error or Not Found
Frequency,Error or Not Found
The Vampire Diaries,Error or Not Found
A Boy Name Flora A,Error or Not Found
A House of Blocks,Error or Not Found
FINAL FANTASY XIV Dad of Light,Error or Not Found
Gurren Lagann,Error or Not Found
High Risk,Error or Not Found
LEGO Elves: Secrets of Elvendale,Error or Not Found
Narcos,Error or Not Found
Dinotrux,Error or Not Found
Marvel's The Defenders,Error or Not Found
20 Minutes,Error or Not Found
Million Yen Women,Error or Not Found
Wet Hot American Summer: Ten Years Later,Error or Not Found
Bountiful Blessings,Error or Not Found
Close Your Eyes Before It’s Dark,Error or Not Found
Entangled,Error or Not Found
Fartsa,Error or Not Found
"Have You Ever Fallen in Love, Miss Jiang?",Error or Not Found
Life Plan A and B,Error or Not Found
Locust,Error or Not Found
Love Storm,Error or Not Found
Surviving Escobar - Alias JJ,Error or Not Found
The In-Laws,Error or Not Found
The IT Crowd,Error or Not Found
Vexed,Error or Not Found
World War II in Colour,Error or Not Found
Dawn of the Croods,Error or Not Found
Diamond Lover,Error or Not Found
King’s War,Error or Not Found
Qin Empire: Alliance,Error or Not Found
The Legend of Bruce Lee,Error or Not Found
Against the Tide,Error or Not Found
Barbie Life in the Dreamhouse,Error or Not Found
Breakout,Error or Not Found
Intersection,Error or Not Found
Learning Songs by Little Baby Bum: Nursery Rhyme Friends,Error or Not Found
Mystic Whispers,Error or Not Found
Spice Up,Error or Not Found
The Oath,Error or Not Found
The Truth Seekers,Error or Not Found
The Ultimatum,Error or Not Found
Unriddle,Error or Not Found
World at Your Feet,Error or Not Found
Yes We Can!,Error or Not Found
Yours Fatefully,Error or Not Found
Criminal Minds,Error or Not Found
Gypsy,Error or Not Found
Little Witch Academia,Error or Not Found
Young & Hungry,Error or Not Found
Pac-Man and the Ghostly Adventures,Error or Not Found
Aquarius,Error or Not Found
28 Moons,Error or Not Found
Magic Phone,Error or Not Found
My Little Baby,Error or Not Found
Singles Villa,Error or Not Found
Under the Black Moonlight,Error or Not Found
My Only Love Song,Error or Not Found
Crashing,Error or Not Found
Flaked,Error or Not Found
Mind Game,Error or Not Found
Miniforce,Error or Not Found
Off Camera,Error or Not Found
The Day Will Come,Error or Not Found
The Dream Job,Error or Not Found
Bloodline,Error or Not Found
Highland: Thailand's Marijuana Awakening,Error or Not Found
The Keepers,Error or Not Found
All Hail King Julien: Exiled,Error or Not Found
Kazoops!,Error or Not Found
Jumping Girl,Error or Not Found
President,Error or Not Found
What in the World Happened?,Error or Not Found
Mar de Plástico,Error or Not Found
Fangbone,Error or Not Found
Girlboss,Error or Not Found
The Mr. Peabody and Sherman Show,Error or Not Found
The Miracle,Error or Not Found
The Get Down,Error or Not Found
Burned Cocoon,Error or Not Found
Bottersnikes & Gumbles,Error or Not Found
One-Punch Man,Error or Not Found
Julie's Greenroom,Error or Not Found
Outback Truckers,Error or Not Found
Samurai Gourmet,Error or Not Found
Cheer Squad,Error or Not Found
Buddy Thunderstruck,Error or Not Found
One More Time,Error or Not Found
Love Is in the Air,Error or Not Found
Tong: Memories,Error or Not Found
Legend Quest,Error or Not Found
The Sound of Your Heart,Error or Not Found
Love Me As I Am,Error or Not Found
Love for Ten: Generation of Youth,Error or Not Found
Nightmare High,Error or Not Found
Spark,Error or Not Found
White Nights,Error or Not Found
Cyborg 009: Call of Justice,Error or Not Found
We're Lalaloopsy,Error or Not Found
Star Trek: Deep Space Nine,Error or Not Found
My Runway,Error or Not Found
AJIN: Demi-Human,Error or Not Found
Chasing Cameron,Error or Not Found
Sense8,Error or Not Found
Crazyhead,Error or Not Found
Color of Woman,Error or Not Found
Goodbye My Wife,Error or Not Found
Happy And,Error or Not Found
Heaven's Garden,Error or Not Found
Ice Fantasy,Error or Not Found
Immortal Classic,Error or Not Found
InuYasha,Error or Not Found
K-POP Extreme Survival,Error or Not Found
Miss Panda & Mr. Hedgehog,Error or Not Found
Tokyo Trial,Error or Not Found
Captive,Error or Not Found
White Rabbit Project,Error or Not Found
Miss in Kiss,Error or Not Found
The Cuba Libre Story,Error or Not Found
From Dusk Till Dawn,Error or Not Found
Lost & Found Music Studios,Error or Not Found
Back to 1989,Error or Not Found
Bromance,Error or Not Found
Refresh Man,Error or Not Found
Gilmore Girls: A Year in the Life,Error or Not Found
La Niña,Error or Not Found
Paranoid,Error or Not Found
Einsatzgruppen: The Nazi Death Squads,Error or Not Found
Case,Error or Not Found
Danger Mouse,Error or Not Found
Inborn Pair,Error or Not Found
Just You,Error or Not Found
Love Around,Error or Not Found
Love Family,Error or Not Found
Love Me or Leave Me,Error or Not Found
Love Now,Error or Not Found
Trailer Park Boys: Out of the Park: Europe,Error or Not Found
Containment,Error or Not Found
DEATH NOTE,Error or Not Found
Spotless,Error or Not Found
Vampire Knight,Error or Not Found
StoryBots Super Songs,Error or Not Found
Be with Me,Error or Not Found
Be with You,Error or Not Found
Fall in Love with Me,Error or Not Found
Love Cheque Charge,Error or Not Found
Masha's Spooky Stories,Error or Not Found
Murphy's Law of Love,Error or Not Found
Someone Like You,Error or Not Found
When I See You Again,Error or Not Found
VeggieTales in the House,Error or Not Found
Chef's Table: France,Error or Not Found
Kulipari: An Army of Frogs,Error or Not Found
Conspiracy,Error or Not Found
Dead Set,Error or Not Found
Forensic Files,Error or Not Found
The Fierce Wife,Error or Not Found
Witches: A Century of Murder,Error or Not Found
Glitter Force,Error or Not Found
Behind Enemy Lines,Error or Not Found
Caught on Camera,Error or Not Found
Cocaine,Error or Not Found
Edge of the Universe,Error or Not Found
La Esclava Blanca,Error or Not Found
LEGO Bionicle: The Journey to One,Error or Not Found
Popples,Error or Not Found
Marco Polo,Error or Not Found
Justin Time GO!,Error or Not Found
Hibana: Spark,Error or Not Found
72 Cutest Animals,Error or Not Found
72 Dangerous Places to Live,Error or Not Found
Cyborg 009 VS Devilman,Error or Not Found
Justin Time,Error or Not Found
Terrace House: Boys & Girls in the City,Error or Not Found
Netflix Presents: The Characters,Error or Not Found
Your lie in April,Error or Not Found
Cooked,Error or Not Found
Care Bears & Cousins,Error or Not Found
Turbo FAST,Error or Not Found
Masha's Tales,Error or Not Found
Chelsea Does,Error or Not Found
Sammy & Co,Error or Not Found
Atelier,Error or Not Found
W/ Bob & David,Error or Not Found
Wakfu: The Quest for the Six Eliatrope Dofus,Error or Not Found
Wet Hot American Summer,Error or Not Found
H2O: Mermaid Adventures,Error or Not Found
Danger Mouse: Classic Collection,Error or Not Found
Oscar's Oasis,Error or Not Found
Lilyhammer,Error or Not Found
Goosebumps,Error or Not Found
The Borgias,Error or Not Found
The 4400,Error or Not Found
Breaking Bad,Vince Gilligan
Feb-09,Error or Not Found
แผนร้ายนายเจ้าเล่ห์,Error or Not Found
Şubat,Error or Not Found
100% Hotter,Error or Not Found
12 Years Promise,Error or Not Found
21 Sarfarosh: Saragarhi 1897,Error or Not Found
9 Months That Made You,Error or Not Found
A Good Wife,Error or Not Found
A Man Called God,Error or Not Found
A Young Doctor's Notebook and Other Stories,Error or Not Found
A.D. Kingdom and Empire,Error or Not Found
Adam Ruins Everything,Error or Not Found
Africa,Error or Not Found
Age Gap Love,Error or Not Found
Age of Glory,Error or Not Found
Agent Raghav,Error or Not Found
Ainsley Eats the Streets,Error or Not Found
Alphablocks,Error or Not Found
America's Book of Secrets,Error or Not Found
American Crime,Error or Not Found
American Odyssey,Error or Not Found
An Innocent Mistake,Error or Not Found
Ancient Aliens,Error or Not Found
Anjaan: Rural Myths,Error or Not Found
Anjaan: Special Crimes Unit,Error or Not Found
Anthony Bourdain: Parts Unknown,Error or Not Found
忍者ハットリくん,Error or Not Found
Atomic Puppet,Error or Not Found
Aussie Gold Hunters,Error or Not Found
Bad Education,Error or Not Found
Badalte Rishton Ki Dastaan,Error or Not Found
Bala Loca,Error or Not Found
Bangkok Bachelors,Error or Not Found
Bat Pat,Error or Not Found
Bates Motel,Error or Not Found
Battle Creek,Error or Not Found
Battlefield Recovery,Error or Not Found
Be-Be-Bears,Error or Not Found
Beast Legends,Error or Not Found
Beating Again,Error or Not Found
Beauty & the Beast,Error or Not Found
Beauty and the Bitches,Error or Not Found
Behind the Newsroom,Error or Not Found
Behzat Ç.,Error or Not Found
Being Mary Jane: The Series,Error or Not Found
Ben 10,Error or Not Found
Beyblade: Metal Fusion,Error or Not Found
Bh Se Bhade,Error or Not Found
Bhaage Re Mann,Error or Not Found
Big Bad Beetleborgs,Error or Not Found
"Big Dreams, Small Spaces",Error or Not Found
Bitten,Error or Not Found
Black Heart,Error or Not Found
Blood & Treasures,Error or Not Found
Blue Planet II,Error or Not Found
Bob Ross: Beauty Is Everywhere,Error or Not Found
Bondi Rescue,Error or Not Found
Border Patrol,Error or Not Found
Borderline,Error or Not Found
Botched Up Bodies,Error or Not Found
Brain Games,Error or Not Found
Braxton Family Values,Error or Not Found
Bringing Sexy Back,Error or Not Found
Brown Nation,Error or Not Found
Buddha,Error or Not Found
"Bure Kaam Bura Natija, Kyun Bhai Chacha Haan Bhatija",Error or Not Found
Burnistoun,Error or Not Found
Cabins in the Wild with Dick Strawbridge,Error or Not Found
Cain and Abel,Error or Not Found
Calico Critters,Error or Not Found
Call Me Francis,Error or Not Found
Camp X,Error or Not Found
Can We Get Married?,Error or Not Found
Cannabis,Error or Not Found
Care Bears: Welcome to Care-a-Lot,Error or Not Found
Case Closed,Error or Not Found
Castle of Stars,Error or Not Found
Chasing Monsters,Error or Not Found
Cheapest Weddings,Error or Not Found
Cheers,Error or Not Found
Chef & My Fridge,Error or Not Found
Chewin' the Fat,Error or Not Found
Chewing Gum,Error or Not Found
Chill with Bob Ross,Error or Not Found
Christiane Amanpour: Sex & Love Around the World,Error or Not Found
Chuck Chicken,Error or Not Found
City in the Sky,Error or Not Found
Civilizations,Error or Not Found
Classic Legends,Error or Not Found
Click for Murder,Error or Not Found
Club Friday The Series 6,Error or Not Found
Club Friday The Series 7,Error or Not Found
Club Friday The Series 8,Error or Not Found
Club Friday To Be Continued - Friend & Enemy,Error or Not Found
Club Friday To Be Continued - My Beautiful Tomboy,Error or Not Found
Club Friday To Be Continued - The Promise,Error or Not Found
Cold Case Files,Error or Not Found
Cold Case Files Classic,Error or Not Found
Comedy Bang! Bang!,Error or Not Found
Comedy High School,Error or Not Found
Conan Without Borders,Error or Not Found
Cooking on High,Error or Not Found
Court Justice,Error or Not Found
Crime Time,Error or Not Found
Dad's Army,Error or Not Found
Dance Academy,Error or Not Found
Dandy,Error or Not Found
Dangerous Roads,Error or Not Found
Darr Sabko Lagta Hai,Error or Not Found
Day and Night,Error or Not Found
Days We Stared at the Sun,Error or Not Found
Deep Undercover Collection,Error or Not Found
Deep Water,Error or Not Found
Devlok with Devdutt Pattanaik,Error or Not Found
Dexter,Error or Not Found
Dinner for Five,Error or Not Found
Dino Hunt,Error or Not Found
Diva Brides,Error or Not Found
Doomsday Preppers,Error or Not Found
Dramaworld,Error or Not Found
"Drugs, Inc.",Error or Not Found
Dueños del paraíso,Error or Not Found
Earth to Luna!,Error or Not Found
Earth's Natural Wonders,Error or Not Found
Earth's Natural Wonders: Life at the Extremes,Error or Not Found
Easy Fortune Happy Life,Error or Not Found
El Barco,Error or Not Found
El Cartel,Error or Not Found
El Cartel 2,Error or Not Found
El Chavo,Error or Not Found
El Clon,Error or Not Found
El Vato,Error or Not Found
Emogenius,Error or Not Found
Encerrados,Error or Not Found
Encounters with Evil,Error or Not Found
Enemigo íntimo,Error or Not Found
Eurovision Song Contest,Error or Not Found
Everyday Miracles,Error or Not Found
Ex-Boyfriend,Error or Not Found
Extras,Error or Not Found
Ezel,Error or Not Found
Fairy Tail,Error or Not Found
Fake or Fortune?,Error or Not Found
Fatal Destiny,Error or Not Found
Fear Files... Har Mod Pe Darr,Error or Not Found
Filinta,Error or Not Found
Fit for Fashion,Error or Not Found
Fix It and Finish It,Error or Not Found
Flowering Heart,Error or Not Found
Food: Delicious Science,Error or Not Found
Footprints in the Sand,Error or Not Found
For the Win,Error or Not Found
Forces of Nature,Error or Not Found
Forget Me Not,Error or Not Found
Four Seasons in Havana,Error or Not Found
Frasier,Error or Not Found
Friday Night Tykes,Error or Not Found
Friends,Error or Not Found
Gabru: Hip Hop Revolution,Error or Not Found
Galavant,Error or Not Found
Game Winning Hit,Error or Not Found
Gangs of Hassepur,Error or Not Found
Gargantia on the Verdurous Planet,Error or Not Found
Genius of the Ancient World,Error or Not Found
Genius of the Modern World,Error or Not Found
Gentlemen and Gangsters,Error or Not Found
Get Shorty,Error or Not Found
Ghost Town Gold,Error or Not Found
Glowing Embers,Error or Not Found
Goldie & Bear,Error or Not Found
Gomorrah,Error or Not Found
Gossip Girl,Error or Not Found
Grand Designs,Error or Not Found
Grand Hotel,Error or Not Found
Great Interior Design Challenge,Error or Not Found
Great Yellowstone Thaw,Error or Not Found
Gunslinger Girl,Error or Not Found
Ha Unlimited,Error or Not Found
Hannibal,Error or Not Found
Happy 300 Days,Error or Not Found
Happy Valley,Error or Not Found
Happyish,Error or Not Found
Harold Shipman - Driven to Kill,Error or Not Found
Hart of Dixie,Error or Not Found
Hati Perempuan,Error or Not Found
Haven,Error or Not Found
Heavy Rescue: 401,Error or Not Found
Helix,Error or Not Found
Hell on Wheels,Error or Not Found
Herrens veje,Error or Not Found
Hidden Singer,Error or Not Found
Highway Thru Hell,Error or Not Found
Highway to Heaven,Error or Not Found
Hinterland,Error or Not Found
Historia de un clan,Error or Not Found
History's Greatest Hoaxes,Error or Not Found
Hogie the Globehopper,Error or Not Found
Hormones,Error or Not Found
Horror Homes,Error or Not Found
Hotel Beau Séjour,Error or Not Found
How to Live Mortgage Free with Sarah Beeny,Error or Not Found
Humsafar,Error or Not Found
Hunters of the South Seas,Error or Not Found
Huntik: Secrets and Seekers,Error or Not Found
Hyori's Bed & Breakfast,Error or Not Found
I Am Me!,Error or Not Found
I'm Sorry,Error or Not Found
Idiotest,Error or Not Found
In Between,Error or Not Found
India: Nature's Wonderland,Error or Not Found
Inside The Freemasons,Error or Not Found
Inside the Mind of a Serial Killer,Error or Not Found
Inside the Mossad,Error or Not Found
Inst@famous,Error or Not Found
Intelligence,Error or Not Found
Iron Man: Armored Adventures,Error or Not Found
Islands of the Future,Error or Not Found
마녀사냥,Error or Not Found
Japanese Style Originator,Error or Not Found
Jeopardy!,Error or Not Found
Jericho,Error or Not Found
Jhansi Ki Rani,Error or Not Found
JingleKids,Error or Not Found
Juana Brava,Error or Not Found
Juana Inés,Error or Not Found
Julius Jr.,Error or Not Found
K,Error or Not Found
Kaçak,Error or Not Found
Ken Burns: The West,Error or Not Found
Khaani,Error or Not Found
Khan: No. 1 Crime Hunter,Error or Not Found
Khelti Hai Zindagi Aankh Micholi,Error or Not Found
Khotey Sikkey,Error or Not Found
Kikoriki,Error or Not Found
Kiss The Series,Error or Not Found
Kitten Rescuers,Error or Not Found
Knights of Sidonia,Error or Not Found
Kon Kon Kon,Error or Not Found
Krishna Balram,Error or Not Found
Kurt Seyit & Sura,Error or Not Found
La Familia P. Luche,Error or Not Found
La Femme,Error or Not Found
La Piloto,Error or Not Found
La Rosa de Guadalupe,Error or Not Found
"Lady, la vendedora de rosas",Error or Not Found
Land Girls,Error or Not Found
Last,Error or Not Found
Learning Time with Timmy,Error or Not Found
Legends of Strength,Error or Not Found
Lego Friends,Error or Not Found
Leo & Tig,Error or Not Found
License to Drill: Louisiana,Error or Not Found
Life on Location,Error or Not Found
Life Story,Error or Not Found
Limmy's Show!,Error or Not Found
Little Lunch,Error or Not Found
Liv and Maddie,Error or Not Found
Lo que la verdad esconde: El caso Asunta (Operacion Nenúfar),Error or Not Found
Lo que la vida me robó,Error or Not Found
LoliRock,Error or Not Found
Los 10 años de Peter Capusotto,Error or Not Found
Lost Girl,Error or Not Found
Love Cuisine,Error or Not Found
Love Rain,Error or Not Found
Love Rhythms - Accidental Daddy,Error or Not Found
Love Your Garden,Error or Not Found
Lucky Days,Error or Not Found
Mad Men,Error or Not Found
Magi: Adventure of Sinbad,Error or Not Found
Maharakshak Devi,Error or Not Found
Maharakshak: Aryan,Error or Not Found
Mahi Way,Error or Not Found
Mahmut & Meryem,Error or Not Found
Man vs Wild with Sunny Leone,Error or Not Found
Marching Orders,Error or Not Found
Maron,Error or Not Found
Married at First Sight,Error or Not Found
Mary Portas: Secret Shopper,Error or Not Found
Mega Food,Error or Not Found
MegaTruckers,Error or Not Found
Melodies of Life - Born This Way,Error or Not Found
Mere Papa Hero Hiralal,Error or Not Found
Merlí,Error or Not Found
Mexico Diseña,Error or Not Found
Midnight Misadventures With Mallika Dua,Error or Not Found
Mighty Morphin Alien Rangers,Error or Not Found
Mini Wolf,Error or Not Found
Minute to Win It,Error or Not Found
Miss Dynamite,Error or Not Found
Miss Rose,Error or Not Found
Momo Salon,Error or Not Found
Money for Nothing,Error or Not Found
Monkey Planet,Error or Not Found
Monster Math Squad,Error or Not Found
Monty Don's Italian Gardens,Error or Not Found
Mr. Young,Error or Not Found
Murderous Affairs,Error or Not Found
Mutant Busters,Error or Not Found
My Hotter Half,Error or Not Found
My Life My Story,Error or Not Found
My Tattoo Addiction,Error or Not Found
Mystery Science Theater 3000,Error or Not Found
Nature: Animals With Cameras,Error or Not Found
NATURE: Natural Born Hustlers,Error or Not Found
Nature's Great Events (2009),Error or Not Found
Nature's Great Events: Diaries,Error or Not Found
Nature's Great Race,Error or Not Found
Nature's Weirdest Events,Error or Not Found
Nazi Mega Weapons,Error or Not Found
"Nightmare Tenants, Slum Landlords",Error or Not Found
Ninja Hattori,Error or Not Found
Ninja Turtles: The Next Mutation,Error or Not Found
Nobel,Error or Not Found
North & South,Error or Not Found
NSU German History X,Error or Not Found
Nuestra Lucha Libre,Error or Not Found
Nura: Rise of the Yokai Clan: Demon Capital,Error or Not Found
Nurse Jackie,Error or Not Found
Nurses Who Kill,Error or Not Found
"O-Negative, Love Can’t Be Designed",Error or Not Found
OCTB,Error or Not Found
Oh No! It's an Alien Invasion,Error or Not Found
Ollie & Moon,Error or Not Found
One Strange Rock,Error or Not Found
Operation Gold Rush,Error or Not Found
Operation Ouch!,Error or Not Found
Operation Proposal,Error or Not Found
P. King Duckling,Error or Not Found
Pacific Heat,Error or Not Found
Pajanimals,Error or Not Found
Paranormal Survivor,Error or Not Found
Parks and Recreation,Error or Not Found
Pasión de Gavilanes,Error or Not Found
Pawn Stars,Error or Not Found
Pee-wee's Playhouse,Error or Not Found
Penny Dreadful,Error or Not Found
Person of Interest,Error or Not Found
Planet Earth II,Error or Not Found
Portlandia,Error or Not Found
Powder,Error or Not Found
Power Battle Watch Car,Error or Not Found
Power Rangers Dino Charge,Error or Not Found
Power Rangers Dino Super Charge,Error or Not Found
Power Rangers Dino Thunder,Error or Not Found
Power Rangers in Space,Error or Not Found
Power Rangers Jungle Fury,Error or Not Found
Power Rangers Lightspeed Rescue,Error or Not Found
Power Rangers Lost Galaxy,Error or Not Found
Power Rangers Mystic Force,Error or Not Found
Power Rangers Ninja Storm,Error or Not Found
Power Rangers Operation Overdrive,Error or Not Found
Power Rangers RPM,Error or Not Found
Power Rangers S.P.D.,Error or Not Found
Power Rangers Samurai,Error or Not Found
Power Rangers Super Megaforce,Error or Not Found
Power Rangers Super Samurai,Error or Not Found
Power Rangers Time Force,Error or Not Found
Power Rangers Turbo,Error or Not Found
Power Rangers Wild Force,Error or Not Found
Power Rangers Zeo,Error or Not Found
Power Rangers: Megaforce,Error or Not Found
Prohibition: A Film by Ken Burns and Lynn Novick,Error or Not Found
Psiconautas,Error or Not Found
Pyaar Tune Kya Kiya,Error or Not Found
Qué pena tu serie,Error or Not Found
Queen of No Marriage,Error or Not Found
Queens of Comedy,Error or Not Found
Queens vs. Kings,Error or Not Found
Rab Se Sohna Isshq,Error or Not Found
Ramayan,Error or Not Found
Razia Sultan,Error or Not Found
Reality of Dream,Error or Not Found
Rebelde,Error or Not Found
Rectify,Error or Not Found
Red vs. Blue,Error or Not Found
Reggie Yates Outside Man,Error or Not Found
Republic of Doyle,Error or Not Found
Revenge,Error or Not Found
"Rica, Famosa, Latina",Error or Not Found
Ripper Street,Error or Not Found
Rishta.com,Error or Not Found
Robotech,Error or Not Found
Roonpi Secret Love,Error or Not Found
Rubi,Error or Not Found
Rurouni Kenshin,Error or Not Found
Russell Peters vs. the World,Error or Not Found
Satrangi,Error or Not Found
Save Our Shelter,Error or Not Found
Scandal,Error or Not Found
Secret Affair,Error or Not Found
Sensitive Skin,Error or Not Found
Servant of the People,Error or Not Found
Shadow of Truth,Error or Not Found
Shaka Zulu,Error or Not Found
Sherlock,Error or Not Found
Sid the Science Kid,Error or Not Found
Silver Spoon,Error or Not Found
Sin senos no hay paraíso,Error or Not Found
Sin Senos sí Hay Paraíso,Error or Not Found
Skin Wars,Error or Not Found
Skin Wars: Fresh Paint,Error or Not Found
Slobby's World,Error or Not Found
Sotus The Series,Error or Not Found
Space Racers,Error or Not Found
Spartacus,Error or Not Found
Splash and Bubbles,Error or Not Found
Star-Crossed,Error or Not Found
Station Horizon,Error or Not Found
Stoked,Error or Not Found
Stone Age,Error or Not Found
Storage Wars: Northern Treasures,Error or Not Found
Strawberry Shortcake: Berry Bitty Adventures,Error or Not Found
Strong Girl Bong-soon,Error or Not Found
Strongland,Error or Not Found
Suits,Error or Not Found
Super Bheem,Error or Not Found
Super Wings,Error or Not Found
SuperNature: Wild Flyers,Error or Not Found
Surviving R. Kelly Part II: The Reckoning,Error or Not Found
Swami Baba Ramdev: The Untold Story,Error or Not Found
Sym-Bionic Titan,Error or Not Found
Taken,Error or Not Found
Tales of the City (1993),Error or Not Found
Teresa,Error or Not Found
Thackeray,Error or Not Found
That '70s Show,Error or Not Found
The 2000s,Error or Not Found
The Adjusters,Error or Not Found
The Adventures of Figaro Pho,Error or Not Found
The Andy Griffith Show,Error or Not Found
The Apartment,Error or Not Found
The Bachelor,Error or Not Found
The Beat,Error or Not Found
The Bible's Buried Secrets,Error or Not Found
The Big Catch,Error or Not Found
The Bomb Squad,Error or Not Found
The Chefs' Line,Error or Not Found
The Code,Error or Not Found
The Cravings,Error or Not Found
The Curse of Oak Island,Error or Not Found
The Day My Butt Went Psycho!,Error or Not Found
The Devil Is a Part-Timer!,Error or Not Found
The Drunk and on Drugs Happy Funtime Hour,Error or Not Found
The Eighties,Error or Not Found
The Fosters,Error or Not Found
The Furchester Hotel,Error or Not Found
The Future of Water,Error or Not Found
The Golden Years with Javed Akhtar,Error or Not Found
The Great British Baking Show: Masterclass,Error or Not Found
The Great Train Robbery,Error or Not Found
The Guild,Error or Not Found
The Homecoming,Error or Not Found
The House That Made Me,Error or Not Found
The Hunt,Error or Not Found
The Inbetweeners,Error or Not Found
The Investigator: A British Crime Story,Error or Not Found
The Irish Mob,Error or Not Found
The Jaime Maussan Show,Error or Not Found
The Jungle Book,Error or Not Found
The Kindness Diaries,Error or Not Found
The L Word,Error or Not Found
The Lady in Dignity,Error or Not Found
The Liar,Error or Not Found
The Lizzie Borden Chronicles,Error or Not Found
The Making of Frozen Planet,Error or Not Found
The Messengers,Error or Not Found
The Mind of a Chef,Error or Not Found
The Minimighty Kids,Error or Not Found
The Ministry of Time,Error or Not Found
The Mortified Guide,Error or Not Found
The Most Beautiful Hands of Delhi,Error or Not Found
The Murder Detectives,Error or Not Found
The Netflix Afterparty,Error or Not Found
The Nineties,Error or Not Found
The Office (U.S.),Error or Not Found
The Pyramid Code,Error or Not Found
The Rap Game,Error or Not Found
The Real Football Factories,Error or Not Found
The Returned,Error or Not Found
The Road to Calvary,Error or Not Found
The Seventies,Error or Not Found
The Sniffer,Error or Not Found
The Story of God with Morgan Freeman,Error or Not Found
The Story of Us with Morgan Freeman,Error or Not Found
The Super Mario Bros. Super Show!,Error or Not Found
The Traffickers,Error or Not Found
The Tudors,Error or Not Found
The Twilight Zone (Original Series),Error or Not Found
The Underwear,Error or Not Found
The Universe,Error or Not Found
The War: A Film by Ken Burns and Lynn Novick,Error or Not Found
The West Wing,Error or Not Found
The Womanizer,Error or Not Found
The Year of Happiness and Love,Error or Not Found
ThirTEEN Terrors,Error or Not Found
This Is My Love,Error or Not Found
Tientsin Mystic,Error or Not Found
Timeless Season,Error or Not Found
Timeline,Error or Not Found
Tip the Mouse,Error or Not Found
Tobot,Error or Not Found
Top 10 Secrets and Mysteries,Error or Not Found
Top Grier,Error or Not Found
Towies,Error or Not Found
Trotsky,Error or Not Found
Twin Peaks,Error or Not Found
Twirlywoos,Error or Not Found
Ugly Duckling,Error or Not Found
V.R. Troopers,Error or Not Found
ViR: The Robot Boy,Error or Not Found
Vroomiz,Error or Not Found
Wake Up,Error or Not Found
Wartime Portraits,Error or Not Found
Weeds,Error or Not Found
Weird Wonders of the World,Error or Not Found
What Happens to My Family,Error or Not Found
What Is Love?,Error or Not Found
When Calls the Heart,Error or Not Found
Who's the One,Error or Not Found
Wild Alaska,Error or Not Found
Wild Arabia,Error or Not Found
Winsanity,Error or Not Found
Winter Sun,Error or Not Found
Women Behind Bars,Error or Not Found
World's Busiest Cities,Error or Not Found
Yeh Meri Family,Error or Not Found
Yo-Kai Watch,Error or Not Found
Yoko,Error or Not Found
YOM,Error or Not Found
Yu-Gi-Oh! Arc-V,Error or Not Found
Yunus Emre,Error or Not Found
Zak Storm,Error or Not Found
Zindagi Gulzar Hai,Error or Not Found
Zombie Dumb,Error or Not Found
